"Statistic","Year","Local Government District","Working Pattern","All Persons","Females","Males"
"Number of Jobs (Thousands)",2014,"Northern Ireland","All",616,311,305
"Number of Jobs (Thousands)",2014,"Northern Ireland","Full-Time",422,165,257
"Number of Jobs (Thousands)",2014,"Northern Ireland","Part-Time",194,146,48
"Number of Jobs (Thousands)",2014,"Antrim and Newtownabbey","All",43,24,NA
"Number of Jobs (Thousands)",2014,"Antrim and Newtownabbey","Full-Time",29,13,NA
"Number of Jobs (Thousands)",2014,"Antrim and Newtownabbey","Part-Time",14,11,NA
"Number of Jobs (Thousands)",2014,"Armagh City, Banbridge and Craigavon","All",66,36,30
"Number of Jobs (Thousands)",2014,"Armagh City, Banbridge and Craigavon","Full-Time",43,18,26
"Number of Jobs (Thousands)",2014,"Armagh City, Banbridge and Craigavon","Part-Time",23,18,NA
"Number of Jobs (Thousands)",2014,"Belfast","All",160,76,85
"Number of Jobs (Thousands)",2014,"Belfast","Full-Time",119,44,76
"Number of Jobs (Thousands)",2014,"Belfast","Part-Time",41,32,9
"Number of Jobs (Thousands)",2014,"Causeway Coast and Glens","All",33,20,13
"Number of Jobs (Thousands)",2014,"Causeway Coast and Glens","Full-Time",21,11,10
"Number of Jobs (Thousands)",2014,"Causeway Coast and Glens","Part-Time",11,NA,NA
"Number of Jobs (Thousands)",2014,"Derry City and Strabane","All",58,35,23
"Number of Jobs (Thousands)",2014,"Derry City and Strabane","Full-Time",36,NA,18
"Number of Jobs (Thousands)",2014,"Derry City and Strabane","Part-Time",NA,NA,5
"Number of Jobs (Thousands)",2014,"Fermanagh and Omagh","All",26,15,11
"Number of Jobs (Thousands)",2014,"Fermanagh and Omagh","Full-Time",16,NA,8
"Number of Jobs (Thousands)",2014,"Fermanagh and Omagh","Part-Time",10,7,NA
"Number of Jobs (Thousands)",2014,"Lisburn and Castlereagh","All",39,18,21
"Number of Jobs (Thousands)",2014,"Lisburn and Castlereagh","Full-Time",27,9,18
"Number of Jobs (Thousands)",2014,"Lisburn and Castlereagh","Part-Time",13,NA,NA
"Number of Jobs (Thousands)",2014,"Mid and East Antrim","All",45,20,25
"Number of Jobs (Thousands)",2014,"Mid and East Antrim","Full-Time",32,NA,21
"Number of Jobs (Thousands)",2014,"Mid and East Antrim","Part-Time",14,10,NA
"Number of Jobs (Thousands)",2014,"Mid Ulster","All",43,20,22
"Number of Jobs (Thousands)",2014,"Mid Ulster","Full-Time",29,NA,18
"Number of Jobs (Thousands)",2014,"Mid Ulster","Part-Time",14,10,NA
"Number of Jobs (Thousands)",2014,"Newry, Mourne and Down","All",41,19,22
"Number of Jobs (Thousands)",2014,"Newry, Mourne and Down","Full-Time",26,9,17
"Number of Jobs (Thousands)",2014,"Newry, Mourne and Down","Part-Time",15,10,NA
"Number of Jobs (Thousands)",2014,"Ards and North Down","All",26,16,11
"Number of Jobs (Thousands)",2014,"Ards and North Down","Full-Time",15,7,8
"Number of Jobs (Thousands)",2014,"Ards and North Down","Part-Time",11,NA,NA
"Number of Jobs (Thousands)",2015,"Northern Ireland","All",691,354,337
"Number of Jobs (Thousands)",2015,"Northern Ireland","Full-Time",484,197,287
"Number of Jobs (Thousands)",2015,"Northern Ireland","Part-Time",207,157,50
"Number of Jobs (Thousands)",2015,"Antrim and Newtownabbey","All",48,26,23
"Number of Jobs (Thousands)",2015,"Antrim and Newtownabbey","Full-Time",34,14,20
"Number of Jobs (Thousands)",2015,"Antrim and Newtownabbey","Part-Time",15,12,NA
"Number of Jobs (Thousands)",2015,"Armagh City, Banbridge and Craigavon","All",73,41,32
"Number of Jobs (Thousands)",2015,"Armagh City, Banbridge and Craigavon","Full-Time",50,21,29
"Number of Jobs (Thousands)",2015,"Armagh City, Banbridge and Craigavon","Part-Time",23,20,NA
"Number of Jobs (Thousands)",2015,"Belfast","All",200,98,101
"Number of Jobs (Thousands)",2015,"Belfast","Full-Time",150,60,90
"Number of Jobs (Thousands)",2015,"Belfast","Part-Time",49,38,11
"Number of Jobs (Thousands)",2015,"Causeway Coast and Glens","All",35,22,13
"Number of Jobs (Thousands)",2015,"Causeway Coast and Glens","Full-Time",22,12,10
"Number of Jobs (Thousands)",2015,"Causeway Coast and Glens","Part-Time",13,9,NA
"Number of Jobs (Thousands)",2015,"Derry City and Strabane","All",51,29,22
"Number of Jobs (Thousands)",2015,"Derry City and Strabane","Full-Time",34,NA,17
"Number of Jobs (Thousands)",2015,"Derry City and Strabane","Part-Time",17,13,NA
"Number of Jobs (Thousands)",2015,"Fermanagh and Omagh","All",34,19,14
"Number of Jobs (Thousands)",2015,"Fermanagh and Omagh","Full-Time",21,10,11
"Number of Jobs (Thousands)",2015,"Fermanagh and Omagh","Part-Time",NA,NA,NA
"Number of Jobs (Thousands)",2015,"Lisburn and Castlereagh","All",48,24,23
"Number of Jobs (Thousands)",2015,"Lisburn and Castlereagh","Full-Time",33,14,19
"Number of Jobs (Thousands)",2015,"Lisburn and Castlereagh","Part-Time",15,10,NA
"Number of Jobs (Thousands)",2015,"Mid and East Antrim","All",47,19,28
"Number of Jobs (Thousands)",2015,"Mid and East Antrim","Full-Time",35,11,24
"Number of Jobs (Thousands)",2015,"Mid and East Antrim","Part-Time",NA,NA,NA
"Number of Jobs (Thousands)",2015,"Mid Ulster","All",46,NA,27
"Number of Jobs (Thousands)",2015,"Mid Ulster","Full-Time",33,11,22
"Number of Jobs (Thousands)",2015,"Mid Ulster","Part-Time",NA,NA,NA
"Number of Jobs (Thousands)",2015,"Newry, Mourne and Down","All",49,24,25
"Number of Jobs (Thousands)",2015,"Newry, Mourne and Down","Full-Time",31,12,19
"Number of Jobs (Thousands)",2015,"Newry, Mourne and Down","Part-Time",18,13,NA
"Number of Jobs (Thousands)",2015,"Ards and North Down","All",33,22,NA
"Number of Jobs (Thousands)",2015,"Ards and North Down","Full-Time",18,10,9
"Number of Jobs (Thousands)",2015,"Ards and North Down","Part-Time",NA,NA,NA
"Number of Jobs (Thousands)",2016,"Northern Ireland","All",716,361,355
"Number of Jobs (Thousands)",2016,"Northern Ireland","Full-Time",509,206,303
"Number of Jobs (Thousands)",2016,"Northern Ireland","Part-Time",206,155,51
"Number of Jobs (Thousands)",2016,"Antrim and Newtownabbey","All",53,28,25
"Number of Jobs (Thousands)",2016,"Antrim and Newtownabbey","Full-Time",39,17,22
"Number of Jobs (Thousands)",2016,"Antrim and Newtownabbey","Part-Time",15,NA,NA
"Number of Jobs (Thousands)",2016,"Armagh City, Banbridge and Craigavon","All",74,37,37
"Number of Jobs (Thousands)",2016,"Armagh City, Banbridge and Craigavon","Full-Time",53,21,32
"Number of Jobs (Thousands)",2016,"Armagh City, Banbridge and Craigavon","Part-Time",21,16,NA
"Number of Jobs (Thousands)",2016,"Belfast","All",217,109,108
"Number of Jobs (Thousands)",2016,"Belfast","Full-Time",162,66,96
"Number of Jobs (Thousands)",2016,"Belfast","Part-Time",55,42,13
"Number of Jobs (Thousands)",2016,"Causeway Coast and Glens","All",36,23,13
"Number of Jobs (Thousands)",2016,"Causeway Coast and Glens","Full-Time",22,NA,10
"Number of Jobs (Thousands)",2016,"Causeway Coast and Glens","Part-Time",14,11,NA
"Number of Jobs (Thousands)",2016,"Derry City and Strabane","All",55,30,25
"Number of Jobs (Thousands)",2016,"Derry City and Strabane","Full-Time",37,17,20
"Number of Jobs (Thousands)",2016,"Derry City and Strabane","Part-Time",18,13,NA
"Number of Jobs (Thousands)",2016,"Fermanagh and Omagh","All",38,22,NA
"Number of Jobs (Thousands)",2016,"Fermanagh and Omagh","Full-Time",NA,11,NA
"Number of Jobs (Thousands)",2016,"Fermanagh and Omagh","Part-Time",14,11,NA
"Number of Jobs (Thousands)",2016,"Lisburn and Castlereagh","All",50,26,23
"Number of Jobs (Thousands)",2016,"Lisburn and Castlereagh","Full-Time",34,15,20
"Number of Jobs (Thousands)",2016,"Lisburn and Castlereagh","Part-Time",16,12,NA
"Number of Jobs (Thousands)",2016,"Mid and East Antrim","All",45,20,25
"Number of Jobs (Thousands)",2016,"Mid and East Antrim","Full-Time",33,11,22
"Number of Jobs (Thousands)",2016,"Mid and East Antrim","Part-Time",12,9,NA
"Number of Jobs (Thousands)",2016,"Mid Ulster","All",46,18,28
"Number of Jobs (Thousands)",2016,"Mid Ulster","Full-Time",34,10,24
"Number of Jobs (Thousands)",2016,"Mid Ulster","Part-Time",13,8,NA
"Number of Jobs (Thousands)",2016,"Newry, Mourne and Down","All",53,25,28
"Number of Jobs (Thousands)",2016,"Newry, Mourne and Down","Full-Time",37,14,23
"Number of Jobs (Thousands)",2016,"Newry, Mourne and Down","Part-Time",17,12,NA
"Number of Jobs (Thousands)",2016,"Ards and North Down","All",33,20,13
"Number of Jobs (Thousands)",2016,"Ards and North Down","Full-Time",20,10,11
"Number of Jobs (Thousands)",2016,"Ards and North Down","Part-Time",13,10,NA
"Number of Jobs (Thousands)",2017,"Northern Ireland","All",691,342,349
"Number of Jobs (Thousands)",2017,"Northern Ireland","Full-Time",498,195,302
"Number of Jobs (Thousands)",2017,"Northern Ireland","Part-Time",194,147,47
"Number of Jobs (Thousands)",2017,"Antrim and Newtownabbey","All",49,27,23
"Number of Jobs (Thousands)",2017,"Antrim and Newtownabbey","Full-Time",37,17,20
"Number of Jobs (Thousands)",2017,"Antrim and Newtownabbey","Part-Time",12,9,NA
"Number of Jobs (Thousands)",2017,"Armagh City, Banbridge and Craigavon","All",68,34,34
"Number of Jobs (Thousands)",2017,"Armagh City, Banbridge and Craigavon","Full-Time",48,18,30
"Number of Jobs (Thousands)",2017,"Armagh City, Banbridge and Craigavon","Part-Time",20,16,NA
"Number of Jobs (Thousands)",2017,"Belfast","All",205,99,106
"Number of Jobs (Thousands)",2017,"Belfast","Full-Time",157,62,95
"Number of Jobs (Thousands)",2017,"Belfast","Part-Time",48,37,NA
"Number of Jobs (Thousands)",2017,"Causeway Coast and Glens","All",35,21,NA
"Number of Jobs (Thousands)",2017,"Causeway Coast and Glens","Full-Time",24,11,NA
"Number of Jobs (Thousands)",2017,"Causeway Coast and Glens","Part-Time",12,10,NA
"Number of Jobs (Thousands)",2017,"Derry City and Strabane","All",52,30,22
"Number of Jobs (Thousands)",2017,"Derry City and Strabane","Full-Time",34,17,17
"Number of Jobs (Thousands)",2017,"Derry City and Strabane","Part-Time",19,13,NA
"Number of Jobs (Thousands)",2017,"Fermanagh and Omagh","All",35,19,16
"Number of Jobs (Thousands)",2017,"Fermanagh and Omagh","Full-Time",24,NA,14
"Number of Jobs (Thousands)",2017,"Fermanagh and Omagh","Part-Time",NA,NA,NA
"Number of Jobs (Thousands)",2017,"Lisburn and Castlereagh","All",49,25,24
"Number of Jobs (Thousands)",2017,"Lisburn and Castlereagh","Full-Time",34,13,20
"Number of Jobs (Thousands)",2017,"Lisburn and Castlereagh","Part-Time",NA,11,NA
"Number of Jobs (Thousands)",2017,"Mid and East Antrim","All",38,16,22
"Number of Jobs (Thousands)",2017,"Mid and East Antrim","Full-Time",28,9,19
"Number of Jobs (Thousands)",2017,"Mid and East Antrim","Part-Time",10,7,NA
"Number of Jobs (Thousands)",2017,"Mid Ulster","All",50,19,31
"Number of Jobs (Thousands)",2017,"Mid Ulster","Full-Time",37,10,27
"Number of Jobs (Thousands)",2017,"Mid Ulster","Part-Time",13,9,NA
"Number of Jobs (Thousands)",2017,"Newry, Mourne and Down","All",55,26,29
"Number of Jobs (Thousands)",2017,"Newry, Mourne and Down","Full-Time",37,13,24
"Number of Jobs (Thousands)",2017,"Newry, Mourne and Down","Part-Time",NA,NA,NA
"Number of Jobs (Thousands)",2017,"Ards and North Down","All",34,21,NA
"Number of Jobs (Thousands)",2017,"Ards and North Down","Full-Time",21,10,NA
"Number of Jobs (Thousands)",2017,"Ards and North Down","Part-Time",NA,11,NA
"Number of Jobs (Thousands)",2018,"Northern Ireland","All",652,327,326
"Number of Jobs (Thousands)",2018,"Northern Ireland","Full-Time",465,186,279
"Number of Jobs (Thousands)",2018,"Northern Ireland","Part-Time",187,140,47
"Number of Jobs (Thousands)",2018,"Antrim and Newtownabbey","All",48,25,23
"Number of Jobs (Thousands)",2018,"Antrim and Newtownabbey","Full-Time",35,15,20
"Number of Jobs (Thousands)",2018,"Antrim and Newtownabbey","Part-Time",12,10,NA
"Number of Jobs (Thousands)",2018,"Armagh City, Banbridge and Craigavon","All",65,33,32
"Number of Jobs (Thousands)",2018,"Armagh City, Banbridge and Craigavon","Full-Time",46,18,28
"Number of Jobs (Thousands)",2018,"Armagh City, Banbridge and Craigavon","Part-Time",19,15,NA
"Number of Jobs (Thousands)",2018,"Belfast","All",188,92,96
"Number of Jobs (Thousands)",2018,"Belfast","Full-Time",141,57,84
"Number of Jobs (Thousands)",2018,"Belfast","Part-Time",48,36,12
"Number of Jobs (Thousands)",2018,"Causeway Coast and Glens","All",31,18,14
"Number of Jobs (Thousands)",2018,"Causeway Coast and Glens","Full-Time",22,10,11
"Number of Jobs (Thousands)",2018,"Causeway Coast and Glens","Part-Time",NA,NA,NA
"Number of Jobs (Thousands)",2018,"Derry City and Strabane","All",45,26,19
"Number of Jobs (Thousands)",2018,"Derry City and Strabane","Full-Time",30,14,15
"Number of Jobs (Thousands)",2018,"Derry City and Strabane","Part-Time",16,12,NA
"Number of Jobs (Thousands)",2018,"Fermanagh and Omagh","All",35,19,16
"Number of Jobs (Thousands)",2018,"Fermanagh and Omagh","Full-Time",23,10,13
"Number of Jobs (Thousands)",2018,"Fermanagh and Omagh","Part-Time",12,9,NA
"Number of Jobs (Thousands)",2018,"Lisburn and Castlereagh","All",48,25,23
"Number of Jobs (Thousands)",2018,"Lisburn and Castlereagh","Full-Time",34,14,20
"Number of Jobs (Thousands)",2018,"Lisburn and Castlereagh","Part-Time",14,11,NA
"Number of Jobs (Thousands)",2018,"Mid and East Antrim","All",41,20,21
"Number of Jobs (Thousands)",2018,"Mid and East Antrim","Full-Time",29,11,18
"Number of Jobs (Thousands)",2018,"Mid and East Antrim","Part-Time",NA,NA,NA
"Number of Jobs (Thousands)",2018,"Mid Ulster","All",44,17,27
"Number of Jobs (Thousands)",2018,"Mid Ulster","Full-Time",33,10,23
"Number of Jobs (Thousands)",2018,"Mid Ulster","Part-Time",11,7,NA
"Number of Jobs (Thousands)",2018,"Newry, Mourne and Down","All",53,27,26
"Number of Jobs (Thousands)",2018,"Newry, Mourne and Down","Full-Time",34,13,21
"Number of Jobs (Thousands)",2018,"Newry, Mourne and Down","Part-Time",19,14,NA
"Number of Jobs (Thousands)",2018,"Ards and North Down","All",34,20,14
"Number of Jobs (Thousands)",2018,"Ards and North Down","Full-Time",20,9,11
"Number of Jobs (Thousands)",2018,"Ards and North Down","Part-Time",14,11,NA
"Number of Jobs (Thousands)",2019,"Northern Ireland","All",731,373,359
"Number of Jobs (Thousands)",2019,"Northern Ireland","Full-Time",515,207,308
"Number of Jobs (Thousands)",2019,"Northern Ireland","Part-Time",217,166,51
"Number of Jobs (Thousands)",2019,"Antrim and Newtownabbey","All",51,28,23
"Number of Jobs (Thousands)",2019,"Antrim and Newtownabbey","Full-Time",36,16,20
"Number of Jobs (Thousands)",2019,"Antrim and Newtownabbey","Part-Time",15,12,NA
"Number of Jobs (Thousands)",2019,"Armagh City, Banbridge and Craigavon","All",77,41,36
"Number of Jobs (Thousands)",2019,"Armagh City, Banbridge and Craigavon","Full-Time",53,22,30
"Number of Jobs (Thousands)",2019,"Armagh City, Banbridge and Craigavon","Part-Time",25,19,NA
"Number of Jobs (Thousands)",2019,"Belfast","All",211,105,106
"Number of Jobs (Thousands)",2019,"Belfast","Full-Time",158,63,95
"Number of Jobs (Thousands)",2019,"Belfast","Part-Time",54,42,NA
"Number of Jobs (Thousands)",2019,"Causeway Coast and Glens","All",38,NA,17
"Number of Jobs (Thousands)",2019,"Causeway Coast and Glens","Full-Time",NA,NA,15
"Number of Jobs (Thousands)",2019,"Causeway Coast and Glens","Part-Time",12,9,NA
"Number of Jobs (Thousands)",2019,"Derry City and Strabane","All",52,29,23
"Number of Jobs (Thousands)",2019,"Derry City and Strabane","Full-Time",33,NA,NA
"Number of Jobs (Thousands)",2019,"Derry City and Strabane","Part-Time",19,NA,NA
"Number of Jobs (Thousands)",2019,"Fermanagh and Omagh","All",40,21,18
"Number of Jobs (Thousands)",2019,"Fermanagh and Omagh","Full-Time",25,10,15
"Number of Jobs (Thousands)",2019,"Fermanagh and Omagh","Part-Time",15,12,NA
"Number of Jobs (Thousands)",2019,"Lisburn and Castlereagh","All",58,30,28
"Number of Jobs (Thousands)",2019,"Lisburn and Castlereagh","Full-Time",39,16,23
"Number of Jobs (Thousands)",2019,"Lisburn and Castlereagh","Part-Time",19,15,NA
"Number of Jobs (Thousands)",2019,"Mid and East Antrim","All",42,21,21
"Number of Jobs (Thousands)",2019,"Mid and East Antrim","Full-Time",29,11,18
"Number of Jobs (Thousands)",2019,"Mid and East Antrim","Part-Time",14,10,NA
"Number of Jobs (Thousands)",2019,"Mid Ulster","All",53,21,32
"Number of Jobs (Thousands)",2019,"Mid Ulster","Full-Time",40,NA,27
"Number of Jobs (Thousands)",2019,"Mid Ulster","Part-Time",13,8,NA
"Number of Jobs (Thousands)",2019,"Newry, Mourne and Down","All",55,29,26
"Number of Jobs (Thousands)",2019,"Newry, Mourne and Down","Full-Time",38,15,23
"Number of Jobs (Thousands)",2019,"Newry, Mourne and Down","Part-Time",17,13,NA
"Number of Jobs (Thousands)",2019,"Ards and North Down","All",37,22,15
"Number of Jobs (Thousands)",2019,"Ards and North Down","Full-Time",23,12,11
"Number of Jobs (Thousands)",2019,"Ards and North Down","Part-Time",14,11,NA
"Number of Jobs (Thousands)",2020,"Northern Ireland","All",840,435,405
"Number of Jobs (Thousands)",2020,"Northern Ireland","Full-Time",593,247,346
"Number of Jobs (Thousands)",2020,"Northern Ireland","Part-Time",247,188,59
"Number of Jobs (Thousands)",2020,"Antrim and Newtownabbey","All",59,34,25
"Number of Jobs (Thousands)",2020,"Antrim and Newtownabbey","Full-Time",40,19,21
"Number of Jobs (Thousands)",2020,"Antrim and Newtownabbey","Part-Time",19,NA,NA
"Number of Jobs (Thousands)",2020,"Armagh City, Banbridge and Craigavon","All",91,48,43
"Number of Jobs (Thousands)",2020,"Armagh City, Banbridge and Craigavon","Full-Time",61,25,37
"Number of Jobs (Thousands)",2020,"Armagh City, Banbridge and Craigavon","Part-Time",29,23,NA
"Number of Jobs (Thousands)",2020,"Belfast","All",242,124,118
"Number of Jobs (Thousands)",2020,"Belfast","Full-Time",183,79,104
"Number of Jobs (Thousands)",2020,"Belfast","Part-Time",59,45,NA
"Number of Jobs (Thousands)",2020,"Causeway Coast and Glens","All",49,26,23
"Number of Jobs (Thousands)",2020,"Causeway Coast and Glens","Full-Time",35,15,20
"Number of Jobs (Thousands)",2020,"Causeway Coast and Glens","Part-Time",14,11,NA
"Number of Jobs (Thousands)",2020,"Derry City and Strabane","All",61,33,28
"Number of Jobs (Thousands)",2020,"Derry City and Strabane","Full-Time",38,17,NA
"Number of Jobs (Thousands)",2020,"Derry City and Strabane","Part-Time",23,16,NA
"Number of Jobs (Thousands)",2020,"Fermanagh and Omagh","All",45,26,NA
"Number of Jobs (Thousands)",2020,"Fermanagh and Omagh","Full-Time",28,12,16
"Number of Jobs (Thousands)",2020,"Fermanagh and Omagh","Part-Time",NA,14,NA
"Number of Jobs (Thousands)",2020,"Lisburn and Castlereagh","All",61,33,29
"Number of Jobs (Thousands)",2020,"Lisburn and Castlereagh","Full-Time",43,19,24
"Number of Jobs (Thousands)",2020,"Lisburn and Castlereagh","Part-Time",18,14,NA
"Number of Jobs (Thousands)",2020,"Mid and East Antrim","All",47,25,21
"Number of Jobs (Thousands)",2020,"Mid and East Antrim","Full-Time",32,NA,18
"Number of Jobs (Thousands)",2020,"Mid and East Antrim","Part-Time",15,12,NA
"Number of Jobs (Thousands)",2020,"Mid Ulster","All",59,24,35
"Number of Jobs (Thousands)",2020,"Mid Ulster","Full-Time",44,14,30
"Number of Jobs (Thousands)",2020,"Mid Ulster","Part-Time",15,10,NA
"Number of Jobs (Thousands)",2020,"Newry, Mourne and Down","All",65,34,31
"Number of Jobs (Thousands)",2020,"Newry, Mourne and Down","Full-Time",45,18,26
"Number of Jobs (Thousands)",2020,"Newry, Mourne and Down","Part-Time",20,15,NA
"Number of Jobs (Thousands)",2020,"Ards and North Down","All",42,24,18
"Number of Jobs (Thousands)",2020,"Ards and North Down","Full-Time",26,12,14
"Number of Jobs (Thousands)",2020,"Ards and North Down","Part-Time",17,12,NA
"Number of Jobs (Thousands)",2021,"Northern Ireland","All",895,458,436
"Number of Jobs (Thousands)",2021,"Northern Ireland","Full-Time",641,269,372
"Number of Jobs (Thousands)",2021,"Northern Ireland","Part-Time",253,189,64
"Number of Jobs (Thousands)",2021,"Antrim and Newtownabbey","All",62,34,28
"Number of Jobs (Thousands)",2021,"Antrim and Newtownabbey","Full-Time",44,20,24
"Number of Jobs (Thousands)",2021,"Antrim and Newtownabbey","Part-Time",18,14,NA
"Number of Jobs (Thousands)",2021,"Armagh City, Banbridge and Craigavon","All",93,50,43
"Number of Jobs (Thousands)",2021,"Armagh City, Banbridge and Craigavon","Full-Time",63,NA,35
"Number of Jobs (Thousands)",2021,"Armagh City, Banbridge and Craigavon","Part-Time",31,23,8
"Number of Jobs (Thousands)",2021,"Belfast","All",267,134,133
"Number of Jobs (Thousands)",2021,"Belfast","Full-Time",207,89,118
"Number of Jobs (Thousands)",2021,"Belfast","Part-Time",60,45,15
"Number of Jobs (Thousands)",2021,"Causeway Coast and Glens","All",46,26,20
"Number of Jobs (Thousands)",2021,"Causeway Coast and Glens","Full-Time",31,14,17
"Number of Jobs (Thousands)",2021,"Causeway Coast and Glens","Part-Time",NA,NA,NA
"Number of Jobs (Thousands)",2021,"Derry City and Strabane","All",64,34,30
"Number of Jobs (Thousands)",2021,"Derry City and Strabane","Full-Time",42,18,NA
"Number of Jobs (Thousands)",2021,"Derry City and Strabane","Part-Time",NA,NA,NA
"Number of Jobs (Thousands)",2021,"Fermanagh and Omagh","All",47,26,21
"Number of Jobs (Thousands)",2021,"Fermanagh and Omagh","Full-Time",30,14,17
"Number of Jobs (Thousands)",2021,"Fermanagh and Omagh","Part-Time",17,13,NA
"Number of Jobs (Thousands)",2021,"Lisburn and Castlereagh","All",NA,36,NA
"Number of Jobs (Thousands)",2021,"Lisburn and Castlereagh","Full-Time",NA,21,NA
"Number of Jobs (Thousands)",2021,"Lisburn and Castlereagh","Part-Time",19,15,NA
"Number of Jobs (Thousands)",2021,"Mid and East Antrim","All",49,27,22
"Number of Jobs (Thousands)",2021,"Mid and East Antrim","Full-Time",32,NA,18
"Number of Jobs (Thousands)",2021,"Mid and East Antrim","Part-Time",18,13,NA
"Number of Jobs (Thousands)",2021,"Mid Ulster","All",62,25,37
"Number of Jobs (Thousands)",2021,"Mid Ulster","Full-Time",47,15,32
"Number of Jobs (Thousands)",2021,"Mid Ulster","Part-Time",NA,10,NA
"Number of Jobs (Thousands)",2021,"Newry, Mourne and Down","All",67,34,33
"Number of Jobs (Thousands)",2021,"Newry, Mourne and Down","Full-Time",45,19,26
"Number of Jobs (Thousands)",2021,"Newry, Mourne and Down","Part-Time",22,NA,NA
"Number of Jobs (Thousands)",2021,"Ards and North Down","All",44,25,19
"Number of Jobs (Thousands)",2021,"Ards and North Down","Full-Time",27,12,16
"Number of Jobs (Thousands)",2021,"Ards and North Down","Part-Time",17,13,NA
"Number of Jobs (Thousands)",2022,"Northern Ireland","All",907,467,441
"Number of Jobs (Thousands)",2022,"Northern Ireland","Full-Time",662,278,384
"Number of Jobs (Thousands)",2022,"Northern Ireland","Part-Time",245,189,56
"Number of Jobs (Thousands)",2022,"Antrim and Newtownabbey","All",60,36,24
"Number of Jobs (Thousands)",2022,"Antrim and Newtownabbey","Full-Time",43,22,NA
"Number of Jobs (Thousands)",2022,"Antrim and Newtownabbey","Part-Time",17,13,NA
"Number of Jobs (Thousands)",2022,"Armagh City, Banbridge and Craigavon","All",92,53,39
"Number of Jobs (Thousands)",2022,"Armagh City, Banbridge and Craigavon","Full-Time",64,30,35
"Number of Jobs (Thousands)",2022,"Armagh City, Banbridge and Craigavon","Part-Time",28,23,NA
"Number of Jobs (Thousands)",2022,"Belfast","All",269,132,136
"Number of Jobs (Thousands)",2022,"Belfast","Full-Time",208,85,122
"Number of Jobs (Thousands)",2022,"Belfast","Part-Time",61,47,14
"Number of Jobs (Thousands)",2022,"Causeway Coast and Glens","All",46,25,22
"Number of Jobs (Thousands)",2022,"Causeway Coast and Glens","Full-Time",33,14,19
"Number of Jobs (Thousands)",2022,"Causeway Coast and Glens","Part-Time",NA,NA,NA
"Number of Jobs (Thousands)",2022,"Derry City and Strabane","All",67,34,33
"Number of Jobs (Thousands)",2022,"Derry City and Strabane","Full-Time",48,20,27
"Number of Jobs (Thousands)",2022,"Derry City and Strabane","Part-Time",20,14,NA
"Number of Jobs (Thousands)",2022,"Fermanagh and Omagh","All",48,26,22
"Number of Jobs (Thousands)",2022,"Fermanagh and Omagh","Full-Time",32,14,18
"Number of Jobs (Thousands)",2022,"Fermanagh and Omagh","Part-Time",NA,NA,NA
"Number of Jobs (Thousands)",2022,"Lisburn and Castlereagh","All",68,35,32
"Number of Jobs (Thousands)",2022,"Lisburn and Castlereagh","Full-Time",49,21,28
"Number of Jobs (Thousands)",2022,"Lisburn and Castlereagh","Part-Time",19,14,NA
"Number of Jobs (Thousands)",2022,"Mid and East Antrim","All",52,29,24
"Number of Jobs (Thousands)",2022,"Mid and East Antrim","Full-Time",37,16,21
"Number of Jobs (Thousands)",2022,"Mid and East Antrim","Part-Time",16,12,NA
"Number of Jobs (Thousands)",2022,"Mid Ulster","All",64,27,37
"Number of Jobs (Thousands)",2022,"Mid Ulster","Full-Time",48,16,32
"Number of Jobs (Thousands)",2022,"Mid Ulster","Part-Time",NA,11,NA
"Number of Jobs (Thousands)",2022,"Newry, Mourne and Down","All",70,37,33
"Number of Jobs (Thousands)",2022,"Newry, Mourne and Down","Full-Time",49,20,29
"Number of Jobs (Thousands)",2022,"Newry, Mourne and Down","Part-Time",21,17,NA
"Number of Jobs (Thousands)",2022,"Ards and North Down","All",44,27,18
"Number of Jobs (Thousands)",2022,"Ards and North Down","Full-Time",27,13,13
"Number of Jobs (Thousands)",2022,"Ards and North Down","Part-Time",18,14,NA
"Number of Jobs (Thousands)",2023,"Northern Ireland","All",867,444,424
"Number of Jobs (Thousands)",2023,"Northern Ireland","Full-Time",620,259,361
"Number of Jobs (Thousands)",2023,"Northern Ireland","Part-Time",247,184,63
"Number of Jobs (Thousands)",2023,"Antrim and Newtownabbey","All",59,32,27
"Number of Jobs (Thousands)",2023,"Antrim and Newtownabbey","Full-Time",44,19,24
"Number of Jobs (Thousands)",2023,"Antrim and Newtownabbey","Part-Time",16,13,NA
"Number of Jobs (Thousands)",2023,"Armagh City, Banbridge and Craigavon","All",91,49,43
"Number of Jobs (Thousands)",2023,"Armagh City, Banbridge and Craigavon","Full-Time",63,26,37
"Number of Jobs (Thousands)",2023,"Armagh City, Banbridge and Craigavon","Part-Time",29,23,NA
"Number of Jobs (Thousands)",2023,"Belfast","All",260,134,126
"Number of Jobs (Thousands)",2023,"Belfast","Full-Time",199,89,111
"Number of Jobs (Thousands)",2023,"Belfast","Part-Time",61,45,16
"Number of Jobs (Thousands)",2023,"Causeway Coast and Glens","All",46,24,21
"Number of Jobs (Thousands)",2023,"Causeway Coast and Glens","Full-Time",33,16,18
"Number of Jobs (Thousands)",2023,"Causeway Coast and Glens","Part-Time",12,9,NA
"Number of Jobs (Thousands)",2023,"Derry City and Strabane","All",63,33,30
"Number of Jobs (Thousands)",2023,"Derry City and Strabane","Full-Time",41,19,22
"Number of Jobs (Thousands)",2023,"Derry City and Strabane","Part-Time",22,14,8
"Number of Jobs (Thousands)",2023,"Fermanagh and Omagh","All",NA,24,NA
"Number of Jobs (Thousands)",2023,"Fermanagh and Omagh","Full-Time",NA,12,NA
"Number of Jobs (Thousands)",2023,"Fermanagh and Omagh","Part-Time",16,12,NA
"Number of Jobs (Thousands)",2023,"Lisburn and Castlereagh","All",63,32,31
"Number of Jobs (Thousands)",2023,"Lisburn and Castlereagh","Full-Time",44,18,26
"Number of Jobs (Thousands)",2023,"Lisburn and Castlereagh","Part-Time",20,15,NA
"Number of Jobs (Thousands)",2023,"Mid and East Antrim","All",50,25,25
"Number of Jobs (Thousands)",2023,"Mid and East Antrim","Full-Time",34,13,21
"Number of Jobs (Thousands)",2023,"Mid and East Antrim","Part-Time",16,12,NA
"Number of Jobs (Thousands)",2023,"Mid Ulster","All",62,25,38
"Number of Jobs (Thousands)",2023,"Mid Ulster","Full-Time",46,13,32
"Number of Jobs (Thousands)",2023,"Mid Ulster","Part-Time",17,12,NA
"Number of Jobs (Thousands)",2023,"Newry, Mourne and Down","All",63,35,28
"Number of Jobs (Thousands)",2023,"Newry, Mourne and Down","Full-Time",42,18,23
"Number of Jobs (Thousands)",2023,"Newry, Mourne and Down","Part-Time",21,16,NA
"Number of Jobs (Thousands)",2023,"Ards and North Down","All",44,26,18
"Number of Jobs (Thousands)",2023,"Ards and North Down","Full-Time",26,12,14
"Number of Jobs (Thousands)",2023,"Ards and North Down","Part-Time",18,14,NA
"Number of Jobs (Thousands)",2024,"Northern Ireland","All",832,425,407
"Number of Jobs (Thousands)",2024,"Northern Ireland","Full-Time",600,254,346
"Number of Jobs (Thousands)",2024,"Northern Ireland","Part-Time",232,171,61
"Number of Jobs (Thousands)",2024,"Antrim and Newtownabbey","All",56,30,25
"Number of Jobs (Thousands)",2024,"Antrim and Newtownabbey","Full-Time",41,19,22
"Number of Jobs (Thousands)",2024,"Antrim and Newtownabbey","Part-Time",14,12,NA
"Number of Jobs (Thousands)",2024,"Armagh City, Banbridge and Craigavon","All",83,46,37
"Number of Jobs (Thousands)",2024,"Armagh City, Banbridge and Craigavon","Full-Time",58,26,32
"Number of Jobs (Thousands)",2024,"Armagh City, Banbridge and Craigavon","Part-Time",26,20,NA
"Number of Jobs (Thousands)",2024,"Belfast","All",258,132,127
"Number of Jobs (Thousands)",2024,"Belfast","Full-Time",201,90,112
"Number of Jobs (Thousands)",2024,"Belfast","Part-Time",57,42,15
"Number of Jobs (Thousands)",2024,"Causeway Coast and Glens","All",45,23,22
"Number of Jobs (Thousands)",2024,"Causeway Coast and Glens","Full-Time",30,12,17
"Number of Jobs (Thousands)",2024,"Causeway Coast and Glens","Part-Time",15,11,NA
"Number of Jobs (Thousands)",2024,"Derry City and Strabane","All",60,30,30
"Number of Jobs (Thousands)",2024,"Derry City and Strabane","Full-Time",41,17,24
"Number of Jobs (Thousands)",2024,"Derry City and Strabane","Part-Time",19,13,NA
"Number of Jobs (Thousands)",2024,"Fermanagh and Omagh","All",42,22,21
"Number of Jobs (Thousands)",2024,"Fermanagh and Omagh","Full-Time",29,NA,17
"Number of Jobs (Thousands)",2024,"Fermanagh and Omagh","Part-Time",14,NA,NA
"Number of Jobs (Thousands)",2024,"Lisburn and Castlereagh","All",60,32,28
"Number of Jobs (Thousands)",2024,"Lisburn and Castlereagh","Full-Time",40,18,22
"Number of Jobs (Thousands)",2024,"Lisburn and Castlereagh","Part-Time",19,14,NA
"Number of Jobs (Thousands)",2024,"Mid and East Antrim","All",45,23,22
"Number of Jobs (Thousands)",2024,"Mid and East Antrim","Full-Time",32,NA,18
"Number of Jobs (Thousands)",2024,"Mid and East Antrim","Part-Time",14,NA,NA
"Number of Jobs (Thousands)",2024,"Mid Ulster","All",61,25,36
"Number of Jobs (Thousands)",2024,"Mid Ulster","Full-Time",46,14,32
"Number of Jobs (Thousands)",2024,"Mid Ulster","Part-Time",15,11,NA
"Number of Jobs (Thousands)",2024,"Newry, Mourne and Down","All",60,31,29
"Number of Jobs (Thousands)",2024,"Newry, Mourne and Down","Full-Time",40,17,23
"Number of Jobs (Thousands)",2024,"Newry, Mourne and Down","Part-Time",20,14,NA
"Number of Jobs (Thousands)",2024,"Ards and North Down","All",45,27,18
"Number of Jobs (Thousands)",2024,"Ards and North Down","Full-Time",27,13,14
"Number of Jobs (Thousands)",2024,"Ards and North Down","Part-Time",18,14,NA
"Number of Jobs (Thousands)",2025,"Northern Ireland","All",868,455,413
"Number of Jobs (Thousands)",2025,"Northern Ireland","Full-Time",622,269,353
"Number of Jobs (Thousands)",2025,"Northern Ireland","Part-Time",247,186,60
"Number of Jobs (Thousands)",2025,"Antrim and Newtownabbey","All",58,31,27
"Number of Jobs (Thousands)",2025,"Antrim and Newtownabbey","Full-Time",42,18,24
"Number of Jobs (Thousands)",2025,"Antrim and Newtownabbey","Part-Time",16,13,NA
"Number of Jobs (Thousands)",2025,"Armagh City, Banbridge and Craigavon","All",92,51,42
"Number of Jobs (Thousands)",2025,"Armagh City, Banbridge and Craigavon","Full-Time",64,30,34
"Number of Jobs (Thousands)",2025,"Armagh City, Banbridge and Craigavon","Part-Time",28,20,NA
"Number of Jobs (Thousands)",2025,"Belfast","All",273,144,129
"Number of Jobs (Thousands)",2025,"Belfast","Full-Time",210,97,113
"Number of Jobs (Thousands)",2025,"Belfast","Part-Time",63,48,16
"Number of Jobs (Thousands)",2025,"Causeway Coast and Glens","All",47,26,21
"Number of Jobs (Thousands)",2025,"Causeway Coast and Glens","Full-Time",30,14,16
"Number of Jobs (Thousands)",2025,"Causeway Coast and Glens","Part-Time",17,12,NA
"Number of Jobs (Thousands)",2025,"Derry City and Strabane","All",64,35,29
"Number of Jobs (Thousands)",2025,"Derry City and Strabane","Full-Time",44,19,25
"Number of Jobs (Thousands)",2025,"Derry City and Strabane","Part-Time",20,16,NA
"Number of Jobs (Thousands)",2025,"Fermanagh and Omagh","All",49,25,24
"Number of Jobs (Thousands)",2025,"Fermanagh and Omagh","Full-Time",33,13,21
"Number of Jobs (Thousands)",2025,"Fermanagh and Omagh","Part-Time",16,12,NA
"Number of Jobs (Thousands)",2025,"Lisburn and Castlereagh","All",67,35,32
"Number of Jobs (Thousands)",2025,"Lisburn and Castlereagh","Full-Time",47,20,27
"Number of Jobs (Thousands)",2025,"Lisburn and Castlereagh","Part-Time",20,15,NA
"Number of Jobs (Thousands)",2025,"Mid and East Antrim","All",46,NA,24
"Number of Jobs (Thousands)",2025,"Mid and East Antrim","Full-Time",33,12,21
"Number of Jobs (Thousands)",2025,"Mid and East Antrim","Part-Time",NA,NA,NA
"Number of Jobs (Thousands)",2025,"Mid Ulster","All",56,25,31
"Number of Jobs (Thousands)",2025,"Mid Ulster","Full-Time",40,14,27
"Number of Jobs (Thousands)",2025,"Mid Ulster","Part-Time",NA,NA,NA
"Number of Jobs (Thousands)",2025,"Newry, Mourne and Down","All",62,35,27
"Number of Jobs (Thousands)",2025,"Newry, Mourne and Down","Full-Time",40,NA,22
"Number of Jobs (Thousands)",2025,"Newry, Mourne and Down","Part-Time",22,17,NA
"Number of Jobs (Thousands)",2025,"Ards and North Down","All",44,26,18
"Number of Jobs (Thousands)",2025,"Ards and North Down","Full-Time",27,13,14
"Number of Jobs (Thousands)",2025,"Ards and North Down","Part-Time",17,13,NA
"Median Wage",2014,"Northern Ireland","All",19485,15365,22898
"Median Wage",2014,"Northern Ireland","Full-Time",24491,22821,25270
"Median Wage",2014,"Northern Ireland","Part-Time",8882,8897,8826
"Median Wage",2014,"Antrim and Newtownabbey","All",20234,18449,NA
"Median Wage",2014,"Antrim and Newtownabbey","Full-Time",NA,25420,NA
"Median Wage",2014,"Antrim and Newtownabbey","Part-Time",9863,NA,NA
"Median Wage",2014,"Armagh City, Banbridge and Craigavon","All",18009,14853,20805
"Median Wage",2014,"Armagh City, Banbridge and Craigavon","Full-Time",22705,22035,23444
"Median Wage",2014,"Armagh City, Banbridge and Craigavon","Part-Time",9231,9264,NA
"Median Wage",2014,"Belfast","All",22500,17405,27233
"Median Wage",2014,"Belfast","Full-Time",27408,25001,29423
"Median Wage",2014,"Belfast","Part-Time",10401,10067,11198
"Median Wage",2014,"Causeway Coast and Glens","All",16128,14415,18236
"Median Wage",2014,"Causeway Coast and Glens","Full-Time",20700,20427,20698
"Median Wage",2014,"Causeway Coast and Glens","Part-Time",NA,NA,NA
"Median Wage",2014,"Derry City and Strabane","All",18161,17019,18659
"Median Wage",2014,"Derry City and Strabane","Full-Time",23006,NA,21408
"Median Wage",2014,"Derry City and Strabane","Part-Time",9913,10330,8924
"Median Wage",2014,"Fermanagh and Omagh","All",15520,NA,18479
"Median Wage",2014,"Fermanagh and Omagh","Full-Time",21538,NA,21608
"Median Wage",2014,"Fermanagh and Omagh","Part-Time",7888,7918,NA
"Median Wage",2014,"Lisburn and Castlereagh","All",17616,13090,21200
"Median Wage",2014,"Lisburn and Castlereagh","Full-Time",22288,20724,22703
"Median Wage",2014,"Lisburn and Castlereagh","Part-Time",8261,NA,NA
"Median Wage",2014,"Mid and East Antrim","All",20161,NA,22743
"Median Wage",2014,"Mid and East Antrim","Full-Time",23925,NA,24860
"Median Wage",2014,"Mid and East Antrim","Part-Time",8704,9159,NA
"Median Wage",2014,"Mid Ulster","All",16789,12809,20664
"Median Wage",2014,"Mid Ulster","Full-Time",21545,18927,22497
"Median Wage",2014,"Mid Ulster","Part-Time",7601,NA,NA
"Median Wage",2014,"Newry, Mourne and Down","All",16074,12083,19924
"Median Wage",2014,"Newry, Mourne and Down","Full-Time",21203,19702,22428
"Median Wage",2014,"Newry, Mourne and Down","Part-Time",8173,7710,NA
"Median Wage",2014,"Ards and North Down","All",15737,NA,22831
"Median Wage",2014,"Ards and North Down","Full-Time",23414,20971,25186
"Median Wage",2014,"Ards and North Down","Part-Time",NA,NA,NA
"Median Wage",2015,"Northern Ireland","All",20348,16289,24001
"Median Wage",2015,"Northern Ireland","Full-Time",25719,23997,26491
"Median Wage",2015,"Northern Ireland","Part-Time",9184,9205,9093
"Median Wage",2015,"Antrim and Newtownabbey","All",20958,18128,25211
"Median Wage",2015,"Antrim and Newtownabbey","Full-Time",27039,25985,27279
"Median Wage",2015,"Antrim and Newtownabbey","Part-Time",9025,9117,NA
"Median Wage",2015,"Armagh City, Banbridge and Craigavon","All",18196,14161,21985
"Median Wage",2015,"Armagh City, Banbridge and Craigavon","Full-Time",22588,21772,23353
"Median Wage",2015,"Armagh City, Banbridge and Craigavon","Part-Time",NA,8955,NA
"Median Wage",2015,"Belfast","All",23782,19261,27438
"Median Wage",2015,"Belfast","Full-Time",28151,26433,29389
"Median Wage",2015,"Belfast","Part-Time",10574,10453,11528
"Median Wage",2015,"Causeway Coast and Glens","All",16043,14909,17284
"Median Wage",2015,"Causeway Coast and Glens","Full-Time",20865,22252,19953
"Median Wage",2015,"Causeway Coast and Glens","Part-Time",9126,9283,NA
"Median Wage",2015,"Derry City and Strabane","All",18115,16391,19835
"Median Wage",2015,"Derry City and Strabane","Full-Time",23463,24050,NA
"Median Wage",2015,"Derry City and Strabane","Part-Time",8497,8648,NA
"Median Wage",2015,"Fermanagh and Omagh","All",18006,NA,20315
"Median Wage",2015,"Fermanagh and Omagh","Full-Time",23214,22936,24367
"Median Wage",2015,"Fermanagh and Omagh","Part-Time",NA,NA,NA
"Median Wage",2015,"Lisburn and Castlereagh","All",18604,14585,21108
"Median Wage",2015,"Lisburn and Castlereagh","Full-Time",23949,22334,24037
"Median Wage",2015,"Lisburn and Castlereagh","Part-Time",8453,8640,NA
"Median Wage",2015,"Mid and East Antrim","All",21917,NA,24163
"Median Wage",2015,"Mid and East Antrim","Full-Time",24548,NA,25465
"Median Wage",2015,"Mid and East Antrim","Part-Time",NA,9225,NA
"Median Wage",2015,"Mid Ulster","All",18564,NA,21453
"Median Wage",2015,"Mid Ulster","Full-Time",21805,18657,22373
"Median Wage",2015,"Mid Ulster","Part-Time",NA,NA,NA
"Median Wage",2015,"Newry, Mourne and Down","All",18464,14405,20585
"Median Wage",2015,"Newry, Mourne and Down","Full-Time",22927,21367,24235
"Median Wage",2015,"Newry, Mourne and Down","Part-Time",8990,8438,9466
"Median Wage",2015,"Ards and North Down","All",16687,NA,NA
"Median Wage",2015,"Ards and North Down","Full-Time",22814,22530,23851
"Median Wage",2015,"Ards and North Down","Part-Time",NA,8785,NA
"Median Wage",2016,"Northern Ireland","All",20966,17307,24308
"Median Wage",2016,"Northern Ireland","Full-Time",25978,24602,26629
"Median Wage",2016,"Northern Ireland","Part-Time",9314,9602,8314
"Median Wage",2016,"Antrim and Newtownabbey","All",22149,20847,23361
"Median Wage",2016,"Antrim and Newtownabbey","Full-Time",27355,28286,25203
"Median Wage",2016,"Antrim and Newtownabbey","Part-Time",10128,10133,NA
"Median Wage",2016,"Armagh City, Banbridge and Craigavon","All",19270,15814,22611
"Median Wage",2016,"Armagh City, Banbridge and Craigavon","Full-Time",23131,21621,24271
"Median Wage",2016,"Armagh City, Banbridge and Craigavon","Part-Time",9127,9397,NA
"Median Wage",2016,"Belfast","All",23763,19268,28305
"Median Wage",2016,"Belfast","Full-Time",28896,27160,30516
"Median Wage",2016,"Belfast","Part-Time",10243,10084,10851
"Median Wage",2016,"Causeway Coast and Glens","All",15686,14627,16886
"Median Wage",2016,"Causeway Coast and Glens","Full-Time",20305,20615,19738
"Median Wage",2016,"Causeway Coast and Glens","Part-Time",8568,9068,8105
"Median Wage",2016,"Derry City and Strabane","All",18025,15749,19300
"Median Wage",2016,"Derry City and Strabane","Full-Time",23998,25605,21647
"Median Wage",2016,"Derry City and Strabane","Part-Time",8730,9072,NA
"Median Wage",2016,"Fermanagh and Omagh","All",18391,14398,22023
"Median Wage",2016,"Fermanagh and Omagh","Full-Time",NA,22517,NA
"Median Wage",2016,"Fermanagh and Omagh","Part-Time",8437,8484,NA
"Median Wage",2016,"Lisburn and Castlereagh","All",20134,16170,22764
"Median Wage",2016,"Lisburn and Castlereagh","Full-Time",25000,24248,25757
"Median Wage",2016,"Lisburn and Castlereagh","Part-Time",8625,8843,NA
"Median Wage",2016,"Mid and East Antrim","All",21724,15436,25294
"Median Wage",2016,"Mid and East Antrim","Full-Time",26540,23406,27797
"Median Wage",2016,"Mid and East Antrim","Part-Time",9707,9906,NA
"Median Wage",2016,"Mid Ulster","All",20197,15597,22158
"Median Wage",2016,"Mid Ulster","Full-Time",23337,20283,23887
"Median Wage",2016,"Mid Ulster","Part-Time",8443,8956,7546
"Median Wage",2016,"Newry, Mourne and Down","All",19091,14669,22211
"Median Wage",2016,"Newry, Mourne and Down","Full-Time",22898,20393,23887
"Median Wage",2016,"Newry, Mourne and Down","Part-Time",8575,9083,7579
"Median Wage",2016,"Ards and North Down","All",17719,14916,20664
"Median Wage",2016,"Ards and North Down","Full-Time",23711,23098,24458
"Median Wage",2016,"Ards and North Down","Part-Time",9218,9349,NA
"Median Wage",2017,"Northern Ireland","All",21215,17599,24324
"Median Wage",2017,"Northern Ireland","Full-Time",25935,24935,26716
"Median Wage",2017,"Northern Ireland","Part-Time",9871,10106,NA
"Median Wage",2017,"Antrim and Newtownabbey","All",22230,21002,26573
"Median Wage",2017,"Antrim and Newtownabbey","Full-Time",27090,26495,27726
"Median Wage",2017,"Antrim and Newtownabbey","Part-Time",10095,10366,NA
"Median Wage",2017,"Armagh City, Banbridge and Craigavon","All",20205,16411,23832
"Median Wage",2017,"Armagh City, Banbridge and Craigavon","Full-Time",24279,NA,24519
"Median Wage",2017,"Armagh City, Banbridge and Craigavon","Part-Time",10341,10476,NA
"Median Wage",2017,"Belfast","All",24388,20049,28330
"Median Wage",2017,"Belfast","Full-Time",28917,27052,30519
"Median Wage",2017,"Belfast","Part-Time",11159,11097,NA
"Median Wage",2017,"Causeway Coast and Glens","All",16616,15312,NA
"Median Wage",2017,"Causeway Coast and Glens","Full-Time",NA,20800,NA
"Median Wage",2017,"Causeway Coast and Glens","Part-Time",8533,9523,NA
"Median Wage",2017,"Derry City and Strabane","All",19455,18078,NA
"Median Wage",2017,"Derry City and Strabane","Full-Time",23826,25016,NA
"Median Wage",2017,"Derry City and Strabane","Part-Time",9696,9572,10236
"Median Wage",2017,"Fermanagh and Omagh","All",NA,NA,NA
"Median Wage",2017,"Fermanagh and Omagh","Full-Time",24380,NA,24890
"Median Wage",2017,"Fermanagh and Omagh","Part-Time",NA,NA,NA
"Median Wage",2017,"Lisburn and Castlereagh","All",20048,16455,NA
"Median Wage",2017,"Lisburn and Castlereagh","Full-Time",25135,25334,24652
"Median Wage",2017,"Lisburn and Castlereagh","Part-Time",9183,9193,NA
"Median Wage",2017,"Mid and East Antrim","All",20845,17814,23325
"Median Wage",2017,"Mid and East Antrim","Full-Time",25093,23245,25593
"Median Wage",2017,"Mid and East Antrim","Part-Time",9642,10309,NA
"Median Wage",2017,"Mid Ulster","All",20856,16248,22495
"Median Wage",2017,"Mid Ulster","Full-Time",23100,22730,23146
"Median Wage",2017,"Mid Ulster","Part-Time",9133,9579,NA
"Median Wage",2017,"Newry, Mourne and Down","All",18533,15120,22121
"Median Wage",2017,"Newry, Mourne and Down","Full-Time",22920,19320,24198
"Median Wage",2017,"Newry, Mourne and Down","Part-Time",NA,NA,NA
"Median Wage",2017,"Ards and North Down","All",NA,15190,NA
"Median Wage",2017,"Ards and North Down","Full-Time",24031,24314,NA
"Median Wage",2017,"Ards and North Down","Part-Time",8543,8631,NA
"Median Wage",2018,"Northern Ireland","All",22071,18078,25645
"Median Wage",2018,"Northern Ireland","Full-Time",27101,25644,28024
"Median Wage",2018,"Northern Ireland","Part-Time",10007,10248,9451
"Median Wage",2018,"Antrim and Newtownabbey","All",24226,22279,26418
"Median Wage",2018,"Antrim and Newtownabbey","Full-Time",28869,29325,28689
"Median Wage",2018,"Antrim and Newtownabbey","Part-Time",9072,9044,NA
"Median Wage",2018,"Armagh City, Banbridge and Craigavon","All",20838,17614,24476
"Median Wage",2018,"Armagh City, Banbridge and Craigavon","Full-Time",25257,24060,25906
"Median Wage",2018,"Armagh City, Banbridge and Craigavon","Part-Time",10799,11270,NA
"Median Wage",2018,"Belfast","All",25228,19886,29005
"Median Wage",2018,"Belfast","Full-Time",29859,27527,31224
"Median Wage",2018,"Belfast","Part-Time",10660,11111,9694
"Median Wage",2018,"Causeway Coast and Glens","All",18281,16955,19691
"Median Wage",2018,"Causeway Coast and Glens","Full-Time",21062,21326,20885
"Median Wage",2018,"Causeway Coast and Glens","Part-Time",NA,NA,NA
"Median Wage",2018,"Derry City and Strabane","All",19620,17160,21277
"Median Wage",2018,"Derry City and Strabane","Full-Time",23517,24287,22534
"Median Wage",2018,"Derry City and Strabane","Part-Time",9363,9295,NA
"Median Wage",2018,"Fermanagh and Omagh","All",19939,15970,24408
"Median Wage",2018,"Fermanagh and Omagh","Full-Time",25364,21404,27793
"Median Wage",2018,"Fermanagh and Omagh","Part-Time",10298,11164,NA
"Median Wage",2018,"Lisburn and Castlereagh","All",21503,18904,24626
"Median Wage",2018,"Lisburn and Castlereagh","Full-Time",26900,26454,27597
"Median Wage",2018,"Lisburn and Castlereagh","Part-Time",9814,9521,NA
"Median Wage",2018,"Mid and East Antrim","All",22150,NA,25600
"Median Wage",2018,"Mid and East Antrim","Full-Time",26326,23436,27700
"Median Wage",2018,"Mid and East Antrim","Part-Time",NA,9333,NA
"Median Wage",2018,"Mid Ulster","All",20875,16516,23298
"Median Wage",2018,"Mid Ulster","Full-Time",24168,20363,24471
"Median Wage",2018,"Mid Ulster","Part-Time",8445,9719,NA
"Median Wage",2018,"Newry, Mourne and Down","All",19670,16259,23068
"Median Wage",2018,"Newry, Mourne and Down","Full-Time",25247,24861,25794
"Median Wage",2018,"Newry, Mourne and Down","Part-Time",9618,10274,NA
"Median Wage",2018,"Ards and North Down","All",17493,15649,20775
"Median Wage",2018,"Ards and North Down","Full-Time",23410,23665,23364
"Median Wage",2018,"Ards and North Down","Part-Time",8617,8660,NA
"Median Wage",2019,"Northern Ireland","All",22459,18371,26537
"Median Wage",2019,"Northern Ireland","Full-Time",27437,25657,28896
"Median Wage",2019,"Northern Ireland","Part-Time",10563,10695,10189
"Median Wage",2019,"Antrim and Newtownabbey","All",22660,19846,25939
"Median Wage",2019,"Antrim and Newtownabbey","Full-Time",27973,28018,27686
"Median Wage",2019,"Antrim and Newtownabbey","Part-Time",10180,10077,NA
"Median Wage",2019,"Armagh City, Banbridge and Craigavon","All",21436,17604,25993
"Median Wage",2019,"Armagh City, Banbridge and Craigavon","Full-Time",26566,24603,27398
"Median Wage",2019,"Armagh City, Banbridge and Craigavon","Part-Time",10977,11014,NA
"Median Wage",2019,"Belfast","All",25649,20958,29946
"Median Wage",2019,"Belfast","Full-Time",30346,27371,31969
"Median Wage",2019,"Belfast","Part-Time",11991,11980,NA
"Median Wage",2019,"Causeway Coast and Glens","All",19462,NA,20539
"Median Wage",2019,"Causeway Coast and Glens","Full-Time",22800,NA,NA
"Median Wage",2019,"Causeway Coast and Glens","Part-Time",9182,9608,NA
"Median Wage",2019,"Derry City and Strabane","All",19436,NA,22097
"Median Wage",2019,"Derry City and Strabane","Full-Time",24776,NA,24601
"Median Wage",2019,"Derry City and Strabane","Part-Time",10155,9300,NA
"Median Wage",2019,"Fermanagh and Omagh","All",19908,16513,26186
"Median Wage",2019,"Fermanagh and Omagh","Full-Time",26844,25525,28161
"Median Wage",2019,"Fermanagh and Omagh","Part-Time",11694,13153,NA
"Median Wage",2019,"Lisburn and Castlereagh","All",21133,17659,26214
"Median Wage",2019,"Lisburn and Castlereagh","Full-Time",27471,26369,27926
"Median Wage",2019,"Lisburn and Castlereagh","Part-Time",10106,10282,NA
"Median Wage",2019,"Mid and East Antrim","All",21512,17163,26474
"Median Wage",2019,"Mid and East Antrim","Full-Time",26233,22669,28561
"Median Wage",2019,"Mid and East Antrim","Part-Time",10509,10711,NA
"Median Wage",2019,"Mid Ulster","All",21903,NA,25295
"Median Wage",2019,"Mid Ulster","Full-Time",25297,NA,26548
"Median Wage",2019,"Mid Ulster","Part-Time",9468,9608,NA
"Median Wage",2019,"Newry, Mourne and Down","All",20670,16642,25181
"Median Wage",2019,"Newry, Mourne and Down","Full-Time",25675,23320,26961
"Median Wage",2019,"Newry, Mourne and Down","Part-Time",10075,10036,NA
"Median Wage",2019,"Ards and North Down","All",18062,15815,22090
"Median Wage",2019,"Ards and North Down","Full-Time",24034,23118,24479
"Median Wage",2019,"Ards and North Down","Part-Time",9996,10207,NA
"Median Wage",2020,"Northern Ireland","All",23289,19258,27200
"Median Wage",2020,"Northern Ireland","Full-Time",28624,26900,29711
"Median Wage",2020,"Northern Ireland","Part-Time",10936,11097,10400
"Median Wage",2020,"Antrim and Newtownabbey","All",24021,21362,26604
"Median Wage",2020,"Antrim and Newtownabbey","Full-Time",29242,31175,28024
"Median Wage",2020,"Antrim and Newtownabbey","Part-Time",NA,NA,NA
"Median Wage",2020,"Armagh City, Banbridge and Craigavon","All",23115,19863,25913
"Median Wage",2020,"Armagh City, Banbridge and Craigavon","Full-Time",28404,28288,28940
"Median Wage",2020,"Armagh City, Banbridge and Craigavon","Part-Time",NA,NA,NA
"Median Wage",2020,"Belfast","All",26002,21653,30577
"Median Wage",2020,"Belfast","Full-Time",31449,28717,32878
"Median Wage",2020,"Belfast","Part-Time",11674,11975,NA
"Median Wage",2020,"Causeway Coast and Glens","All",20021,17194,22272
"Median Wage",2020,"Causeway Coast and Glens","Full-Time",23424,23069,23492
"Median Wage",2020,"Causeway Coast and Glens","Part-Time",10437,10465,NA
"Median Wage",2020,"Derry City and Strabane","All",19617,16576,23788
"Median Wage",2020,"Derry City and Strabane","Full-Time",27031,25773,27547
"Median Wage",2020,"Derry City and Strabane","Part-Time",10014,9488,12784
"Median Wage",2020,"Fermanagh and Omagh","All",20753,17829,NA
"Median Wage",2020,"Fermanagh and Omagh","Full-Time",26696,23206,28143
"Median Wage",2020,"Fermanagh and Omagh","Part-Time",NA,13474,NA
"Median Wage",2020,"Lisburn and Castlereagh","All",22091,18627,24383
"Median Wage",2020,"Lisburn and Castlereagh","Full-Time",27272,26619,29505
"Median Wage",2020,"Lisburn and Castlereagh","Part-Time",10484,10584,10223
"Median Wage",2020,"Mid and East Antrim","All",20991,16534,25249
"Median Wage",2020,"Mid and East Antrim","Full-Time",26106,22645,28778
"Median Wage",2020,"Mid and East Antrim","Part-Time",9820,10056,NA
"Median Wage",2020,"Mid Ulster","All",22265,16677,25781
"Median Wage",2020,"Mid Ulster","Full-Time",26145,22105,27391
"Median Wage",2020,"Mid Ulster","Part-Time",8617,9515,NA
"Median Wage",2020,"Newry, Mourne and Down","All",21903,18489,26728
"Median Wage",2020,"Newry, Mourne and Down","Full-Time",26822,25064,27611
"Median Wage",2020,"Newry, Mourne and Down","Part-Time",11216,11267,10623
"Median Wage",2020,"Ards and North Down","All",19252,16897,23989
"Median Wage",2020,"Ards and North Down","Full-Time",25892,23642,26674
"Median Wage",2020,"Ards and North Down","Part-Time",11000,11009,NA
"Median Wage",2021,"Northern Ireland","All",24099,20863,27211
"Median Wage",2021,"Northern Ireland","Full-Time",29073,27463,30000
"Median Wage",2021,"Northern Ireland","Part-Time",10881,11263,9955
"Median Wage",2021,"Antrim and Newtownabbey","All",24226,21711,27872
"Median Wage",2021,"Antrim and Newtownabbey","Full-Time",29182,28587,30210
"Median Wage",2021,"Antrim and Newtownabbey","Part-Time",10304,10467,NA
"Median Wage",2021,"Armagh City, Banbridge and Craigavon","All",23157,19255,25874
"Median Wage",2021,"Armagh City, Banbridge and Craigavon","Full-Time",28393,26260,29994
"Median Wage",2021,"Armagh City, Banbridge and Craigavon","Part-Time",11200,11757,NA
"Median Wage",2021,"Belfast","All",26911,24072,31273
"Median Wage",2021,"Belfast","Full-Time",31573,29272,32633
"Median Wage",2021,"Belfast","Part-Time",12163,12284,11442
"Median Wage",2021,"Causeway Coast and Glens","All",21000,NA,23022
"Median Wage",2021,"Causeway Coast and Glens","Full-Time",24178,24927,23739
"Median Wage",2021,"Causeway Coast and Glens","Part-Time",NA,NA,NA
"Median Wage",2021,"Derry City and Strabane","All",21065,18761,23293
"Median Wage",2021,"Derry City and Strabane","Full-Time",27047,30060,25753
"Median Wage",2021,"Derry City and Strabane","Part-Time",9981,9373,11158
"Median Wage",2021,"Fermanagh and Omagh","All",21435,18085,25537
"Median Wage",2021,"Fermanagh and Omagh","Full-Time",26046,23055,28034
"Median Wage",2021,"Fermanagh and Omagh","Part-Time",11714,12808,NA
"Median Wage",2021,"Lisburn and Castlereagh","All",NA,21038,NA
"Median Wage",2021,"Lisburn and Castlereagh","Full-Time",NA,26857,NA
"Median Wage",2021,"Lisburn and Castlereagh","Part-Time",10618,11812,NA
"Median Wage",2021,"Mid and East Antrim","All",21303,18467,24643
"Median Wage",2021,"Mid and East Antrim","Full-Time",26055,24456,27904
"Median Wage",2021,"Mid and East Antrim","Part-Time",10211,10491,NA
"Median Wage",2021,"Mid Ulster","All",23093,19276,25452
"Median Wage",2021,"Mid Ulster","Full-Time",25997,23585,27316
"Median Wage",2021,"Mid Ulster","Part-Time",9278,10482,NA
"Median Wage",2021,"Newry, Mourne and Down","All",20967,18445,23558
"Median Wage",2021,"Newry, Mourne and Down","Full-Time",25637,24680,26269
"Median Wage",2021,"Newry, Mourne and Down","Part-Time",10871,NA,NA
"Median Wage",2021,"Ards and North Down","All",19458,17892,24485
"Median Wage",2021,"Ards and North Down","Full-Time",26882,25229,26994
"Median Wage",2021,"Ards and North Down","Part-Time",10692,10556,NA
"Median Wage",2022,"Northern Ireland","All",25419,22129,28682
"Median Wage",2022,"Northern Ireland","Full-Time",30218,28873,31253
"Median Wage",2022,"Northern Ireland","Part-Time",12035,12158,11351
"Median Wage",2022,"Antrim and Newtownabbey","All",24622,22520,26756
"Median Wage",2022,"Antrim and Newtownabbey","Full-Time",29864,29911,29769
"Median Wage",2022,"Antrim and Newtownabbey","Part-Time",10857,10336,NA
"Median Wage",2022,"Armagh City, Banbridge and Craigavon","All",24651,22271,27621
"Median Wage",2022,"Armagh City, Banbridge and Craigavon","Full-Time",29352,27846,29805
"Median Wage",2022,"Armagh City, Banbridge and Craigavon","Part-Time",11782,12460,NA
"Median Wage",2022,"Belfast","All",28700,25710,32409
"Median Wage",2022,"Belfast","Full-Time",33490,31193,34356
"Median Wage",2022,"Belfast","Part-Time",13892,14322,12881
"Median Wage",2022,"Causeway Coast and Glens","All",22477,NA,24285
"Median Wage",2022,"Causeway Coast and Glens","Full-Time",26976,28236,25933
"Median Wage",2022,"Causeway Coast and Glens","Part-Time",NA,NA,NA
"Median Wage",2022,"Derry City and Strabane","All",22239,19445,24785
"Median Wage",2022,"Derry City and Strabane","Full-Time",26594,27984,26549
"Median Wage",2022,"Derry City and Strabane","Part-Time",10942,10071,NA
"Median Wage",2022,"Fermanagh and Omagh","All",23686,NA,27811
"Median Wage",2022,"Fermanagh and Omagh","Full-Time",28186,24711,30723
"Median Wage",2022,"Fermanagh and Omagh","Part-Time",NA,NA,NA
"Median Wage",2022,"Lisburn and Castlereagh","All",25222,21247,27869
"Median Wage",2022,"Lisburn and Castlereagh","Full-Time",29165,27299,30457
"Median Wage",2022,"Lisburn and Castlereagh","Part-Time",12002,12434,11048
"Median Wage",2022,"Mid and East Antrim","All",22752,19527,26338
"Median Wage",2022,"Mid and East Antrim","Full-Time",26657,24545,28300
"Median Wage",2022,"Mid and East Antrim","Part-Time",12297,12417,NA
"Median Wage",2022,"Mid Ulster","All",24479,19498,27185
"Median Wage",2022,"Mid Ulster","Full-Time",28158,25802,29436
"Median Wage",2022,"Mid Ulster","Part-Time",10484,10515,NA
"Median Wage",2022,"Newry, Mourne and Down","All",24059,21099,NA
"Median Wage",2022,"Newry, Mourne and Down","Full-Time",27459,27005,NA
"Median Wage",2022,"Newry, Mourne and Down","Part-Time",11661,11661,NA
"Median Wage",2022,"Ards and North Down","All",20169,18674,22559
"Median Wage",2022,"Ards and North Down","Full-Time",27867,26500,28333
"Median Wage",2022,"Ards and North Down","Part-Time",11719,11699,NA
"Median Wage",2023,"Northern Ireland","All",26789,23332,30786
"Median Wage",2023,"Northern Ireland","Full-Time",32737,30801,33591
"Median Wage",2023,"Northern Ireland","Part-Time",12500,12719,12036
"Median Wage",2023,"Antrim and Newtownabbey","All",26516,24258,30578
"Median Wage",2023,"Antrim and Newtownabbey","Full-Time",30580,28214,31840
"Median Wage",2023,"Antrim and Newtownabbey","Part-Time",NA,11777,NA
"Median Wage",2023,"Armagh City, Banbridge and Craigavon","All",26763,22229,32042
"Median Wage",2023,"Armagh City, Banbridge and Craigavon","Full-Time",32803,29912,34286
"Median Wage",2023,"Armagh City, Banbridge and Craigavon","Part-Time",13102,13665,NA
"Median Wage",2023,"Belfast","All",31531,26601,37184
"Median Wage",2023,"Belfast","Full-Time",36233,33369,39766
"Median Wage",2023,"Belfast","Part-Time",14124,14439,13170
"Median Wage",2023,"Causeway Coast and Glens","All",23180,21201,24802
"Median Wage",2023,"Causeway Coast and Glens","Full-Time",27021,29041,26497
"Median Wage",2023,"Causeway Coast and Glens","Part-Time",12494,12964,NA
"Median Wage",2023,"Derry City and Strabane","All",24291,21199,25648
"Median Wage",2023,"Derry City and Strabane","Full-Time",29906,30989,29432
"Median Wage",2023,"Derry City and Strabane","Part-Time",10911,10490,NA
"Median Wage",2023,"Fermanagh and Omagh","All",25069,21013,27659
"Median Wage",2023,"Fermanagh and Omagh","Full-Time",30997,31189,30753
"Median Wage",2023,"Fermanagh and Omagh","Part-Time",13233,14245,NA
"Median Wage",2023,"Lisburn and Castlereagh","All",25892,21023,27941
"Median Wage",2023,"Lisburn and Castlereagh","Full-Time",30309,30098,29880
"Median Wage",2023,"Lisburn and Castlereagh","Part-Time",10293,NA,NA
"Median Wage",2023,"Mid and East Antrim","All",24231,22265,28274
"Median Wage",2023,"Mid and East Antrim","Full-Time",29219,27838,30032
"Median Wage",2023,"Mid and East Antrim","Part-Time",13047,14697,NA
"Median Wage",2023,"Mid Ulster","All",26617,19401,31329
"Median Wage",2023,"Mid Ulster","Full-Time",31473,26372,33100
"Median Wage",2023,"Mid Ulster","Part-Time",11895,11781,NA
"Median Wage",2023,"Newry, Mourne and Down","All",23824,21860,25649
"Median Wage",2023,"Newry, Mourne and Down","Full-Time",28094,27634,28391
"Median Wage",2023,"Newry, Mourne and Down","Part-Time",11983,12491,NA
"Median Wage",2023,"Ards and North Down","All",22488,19862,26156
"Median Wage",2023,"Ards and North Down","Full-Time",29462,33385,28238
"Median Wage",2023,"Ards and North Down","Part-Time",11371,11526,NA
"Median Wage",2024,"Northern Ireland","All",28759,24654,32755
"Median Wage",2024,"Northern Ireland","Full-Time",34232,32303,35639
"Median Wage",2024,"Northern Ireland","Part-Time",12807,13075,12350
"Median Wage",2024,"Antrim and Newtownabbey","All",29303,25297,32607
"Median Wage",2024,"Antrim and Newtownabbey","Full-Time",34153,32855,34260
"Median Wage",2024,"Antrim and Newtownabbey","Part-Time",12899,12134,NA
"Median Wage",2024,"Armagh City, Banbridge and Craigavon","All",27711,22436,32726
"Median Wage",2024,"Armagh City, Banbridge and Craigavon","Full-Time",32948,30502,34989
"Median Wage",2024,"Armagh City, Banbridge and Craigavon","Part-Time",12492,12863,NA
"Median Wage",2024,"Belfast","All",32099,28277,36996
"Median Wage",2024,"Belfast","Full-Time",37157,34200,39797
"Median Wage",2024,"Belfast","Part-Time",14400,14993,13466
"Median Wage",2024,"Causeway Coast and Glens","All",24547,21313,26597
"Median Wage",2024,"Causeway Coast and Glens","Full-Time",28398,29456,28229
"Median Wage",2024,"Causeway Coast and Glens","Part-Time",13583,14810,NA
"Median Wage",2024,"Derry City and Strabane","All",26738,23574,30161
"Median Wage",2024,"Derry City and Strabane","Full-Time",32286,33164,32218
"Median Wage",2024,"Derry City and Strabane","Part-Time",12034,11556,NA
"Median Wage",2024,"Fermanagh and Omagh","All",27310,23020,31404
"Median Wage",2024,"Fermanagh and Omagh","Full-Time",32708,29519,35835
"Median Wage",2024,"Fermanagh and Omagh","Part-Time",NA,NA,NA
"Median Wage",2024,"Lisburn and Castlereagh","All",28444,23538,32288
"Median Wage",2024,"Lisburn and Castlereagh","Full-Time",34806,34148,35345
"Median Wage",2024,"Lisburn and Castlereagh","Part-Time",11548,10705,NA
"Median Wage",2024,"Mid and East Antrim","All",26310,21294,31398
"Median Wage",2024,"Mid and East Antrim","Full-Time",31584,27970,33875
"Median Wage",2024,"Mid and East Antrim","Part-Time",12561,12795,NA
"Median Wage",2024,"Mid Ulster","All",27825,21885,32189
"Median Wage",2024,"Mid Ulster","Full-Time",32450,28823,33998
"Median Wage",2024,"Mid Ulster","Part-Time",12401,12748,NA
"Median Wage",2024,"Newry, Mourne and Down","All",26089,22788,28260
"Median Wage",2024,"Newry, Mourne and Down","Full-Time",30519,29265,31749
"Median Wage",2024,"Newry, Mourne and Down","Part-Time",11929,12399,NA
"Median Wage",2024,"Ards and North Down","All",23278,19991,26880
"Median Wage",2024,"Ards and North Down","Full-Time",30101,29200,32473
"Median Wage",2024,"Ards and North Down","Part-Time",11311,11918,NA
"Median Wage",2025,"Northern Ireland","All",31084,27527,35042
"Median Wage",2025,"Northern Ireland","Full-Time",37052,35533,38053
"Median Wage",2025,"Northern Ireland","Part-Time",14019,14473,12509
"Median Wage",2025,"Antrim and Newtownabbey","All",32035,28033,36118
"Median Wage",2025,"Antrim and Newtownabbey","Full-Time",37256,35112,38202
"Median Wage",2025,"Antrim and Newtownabbey","Part-Time",15683,16188,NA
"Median Wage",2025,"Armagh City, Banbridge and Craigavon","All",29432,26714,33259
"Median Wage",2025,"Armagh City, Banbridge and Craigavon","Full-Time",35654,31746,36354
"Median Wage",2025,"Armagh City, Banbridge and Craigavon","Part-Time",13697,15060,12071
"Median Wage",2025,"Belfast","All",34542,31439,38801
"Median Wage",2025,"Belfast","Full-Time",40588,38748,42224
"Median Wage",2025,"Belfast","Part-Time",14918,15550,13740
"Median Wage",2025,"Causeway Coast and Glens","All",26613,22612,29028
"Median Wage",2025,"Causeway Coast and Glens","Full-Time",31968,31910,32558
"Median Wage",2025,"Causeway Coast and Glens","Part-Time",13031,13308,NA
"Median Wage",2025,"Derry City and Strabane","All",30508,25744,34953
"Median Wage",2025,"Derry City and Strabane","Full-Time",36358,33818,37210
"Median Wage",2025,"Derry City and Strabane","Part-Time",14173,14070,NA
"Median Wage",2025,"Fermanagh and Omagh","All",29547,23903,34048
"Median Wage",2025,"Fermanagh and Omagh","Full-Time",36825,33261,37726
"Median Wage",2025,"Fermanagh and Omagh","Part-Time",13617,14832,NA
"Median Wage",2025,"Lisburn and Castlereagh","All",32277,26719,37568
"Median Wage",2025,"Lisburn and Castlereagh","Full-Time",38253,36092,39561
"Median Wage",2025,"Lisburn and Castlereagh","Part-Time",13183,13347,NA
"Median Wage",2025,"Mid and East Antrim","All",29803,24525,32742
"Median Wage",2025,"Mid and East Antrim","Full-Time",33127,30575,35001
"Median Wage",2025,"Mid and East Antrim","Part-Time",13780,16072,12799
"Median Wage",2025,"Mid Ulster","All",28945,NA,32578
"Median Wage",2025,"Mid Ulster","Full-Time",33768,32016,34721
"Median Wage",2025,"Mid Ulster","Part-Time",NA,NA,NA
"Median Wage",2025,"Newry, Mourne and Down","All",27961,NA,30903
"Median Wage",2025,"Newry, Mourne and Down","Full-Time",33462,NA,33384
"Median Wage",2025,"Newry, Mourne and Down","Part-Time",13343,NA,NA
"Median Wage",2025,"Ards and North Down","All",25395,23755,27010
"Median Wage",2025,"Ards and North Down","Full-Time",31167,31069,31245
"Median Wage",2025,"Ards and North Down","Part-Time",12590,12909,NA
"Mean Wage",2014,"Northern Ireland","All",22664,18441,26978
"Mean Wage",2014,"Northern Ireland","Full-Time",28263,25476,30056
"Mean Wage",2014,"Northern Ireland","Part-Time",10496,10489,10518
"Mean Wage",2014,"Antrim and Newtownabbey","All",23170,20871,26075
"Mean Wage",2014,"Antrim and Newtownabbey","Full-Time",28357,27941,NA
"Mean Wage",2014,"Antrim and Newtownabbey","Part-Time",12361,12497,11856
"Mean Wage",2014,"Armagh City, Banbridge and Craigavon","All",20506,17545,24001
"Mean Wage",2014,"Armagh City, Banbridge and Craigavon","Full-Time",25315,23583,26516
"Mean Wage",2014,"Armagh City, Banbridge and Craigavon","Part-Time",11455,11650,NA
"Mean Wage",2014,"Belfast","All",25767,20402,30588
"Mean Wage",2014,"Belfast","Full-Time",30519,26815,32645
"Mean Wage",2014,"Belfast","Part-Time",11967,11799,12595
"Mean Wage",2014,"Causeway Coast and Glens","All",18657,17319,20666
"Mean Wage",2014,"Causeway Coast and Glens","Full-Time",23923,24115,23714
"Mean Wage",2014,"Causeway Coast and Glens","Part-Time",8811,8438,9913
"Mean Wage",2014,"Derry City and Strabane","All",20481,19011,22728
"Mean Wage",2014,"Derry City and Strabane","Full-Time",25956,25617,26288
"Mean Wage",2014,"Derry City and Strabane","Part-Time",11767,NA,9844
"Mean Wage",2014,"Fermanagh and Omagh","All",17864,15856,20553
"Mean Wage",2014,"Fermanagh and Omagh","Full-Time",23579,22953,24145
"Mean Wage",2014,"Fermanagh and Omagh","Part-Time",8622,8390,9248
"Mean Wage",2014,"Lisburn and Castlereagh","All",19868,16070,23163
"Mean Wage",2014,"Lisburn and Castlereagh","Full-Time",25096,23407,25966
"Mean Wage",2014,"Lisburn and Castlereagh","Part-Time",8749,8800,8613
"Mean Wage",2014,"Mid and East Antrim","All",23018,18286,26757
"Mean Wage",2014,"Mid and East Antrim","Full-Time",28642,25842,29976
"Mean Wage",2014,"Mid and East Antrim","Part-Time",10006,10406,8996
"Mean Wage",2014,"Mid Ulster","All",20229,16603,23470
"Mean Wage",2014,"Mid Ulster","Full-Time",25455,23466,26602
"Mean Wage",2014,"Mid Ulster","Part-Time",9090,8947,NA
"Mean Wage",2014,"Newry, Mourne and Down","All",19499,14867,23439
"Mean Wage",2014,"Newry, Mourne and Down","Full-Time",25104,21806,26799
"Mean Wage",2014,"Newry, Mourne and Down","Part-Time",9351,8570,10989
"Mean Wage",2014,"Ards and North Down","All",19186,15939,23964
"Mean Wage",2014,"Ards and North Down","Full-Time",27268,25860,28528
"Mean Wage",2014,"Ards and North Down","Part-Time",8082,7519,NA
"Mean Wage",2015,"Northern Ireland","All",23740,19653,28027
"Mean Wage",2015,"Northern Ireland","Full-Time",29376,26844,31115
"Mean Wage",2015,"Northern Ireland","Part-Time",10566,10610,10429
"Mean Wage",2015,"Antrim and Newtownabbey","All",23912,19872,28585
"Mean Wage",2015,"Antrim and Newtownabbey","Full-Time",29687,27402,31321
"Mean Wage",2015,"Antrim and Newtownabbey","Part-Time",10466,10898,8572
"Mean Wage",2015,"Armagh City, Banbridge and Craigavon","All",21298,17712,25912
"Mean Wage",2015,"Armagh City, Banbridge and Craigavon","Full-Time",26594,24958,27808
"Mean Wage",2015,"Armagh City, Banbridge and Craigavon","Part-Time",9810,9928,NA
"Mean Wage",2015,"Belfast","All",27108,22565,31516
"Mean Wage",2015,"Belfast","Full-Time",32222,29519,34024
"Mean Wage",2015,"Belfast","Part-Time",11562,11634,11318
"Mean Wage",2015,"Causeway Coast and Glens","All",19453,17993,21877
"Mean Wage",2015,"Causeway Coast and Glens","Full-Time",25064,24415,25867
"Mean Wage",2015,"Causeway Coast and Glens","Part-Time",9717,9765,9575
"Mean Wage",2015,"Derry City and Strabane","All",21039,19163,23575
"Mean Wage",2015,"Derry City and Strabane","Full-Time",26653,26202,27093
"Mean Wage",2015,"Derry City and Strabane","Part-Time",10050,9906,10446
"Mean Wage",2015,"Fermanagh and Omagh","All",20341,17630,24025
"Mean Wage",2015,"Fermanagh and Omagh","Full-Time",26377,24992,27553
"Mean Wage",2015,"Fermanagh and Omagh","Part-Time",10591,10487,NA
"Mean Wage",2015,"Lisburn and Castlereagh","All",20719,18825,22669
"Mean Wage",2015,"Lisburn and Castlereagh","Full-Time",25934,25600,26182
"Mean Wage",2015,"Lisburn and Castlereagh","Part-Time",9048,9419,8232
"Mean Wage",2015,"Mid and East Antrim","All",25658,19891,29605
"Mean Wage",2015,"Mid and East Antrim","Full-Time",30468,26639,32137
"Mean Wage",2015,"Mid and East Antrim","Part-Time",11148,11271,10838
"Mean Wage",2015,"Mid Ulster","All",21300,NA,24092
"Mean Wage",2015,"Mid Ulster","Full-Time",25790,23108,27136
"Mean Wage",2015,"Mid Ulster","Part-Time",NA,NA,11937
"Mean Wage",2015,"Newry, Mourne and Down","All",21175,17837,24469
"Mean Wage",2015,"Newry, Mourne and Down","Full-Time",26689,23782,28484
"Mean Wage",2015,"Newry, Mourne and Down","Part-Time",11710,12225,10542
"Mean Wage",2015,"Ards and North Down","All",18701,16664,22575
"Mean Wage",2015,"Ards and North Down","Full-Time",26037,25555,26573
"Mean Wage",2015,"Ards and North Down","Part-Time",9860,9705,NA
"Mean Wage",2016,"Northern Ireland","All",24587,20332,28924
"Mean Wage",2016,"Northern Ireland","Full-Time",30189,27485,32029
"Mean Wage",2016,"Northern Ireland","Part-Time",10756,10805,10608
"Mean Wage",2016,"Antrim and Newtownabbey","All",25120,22502,28048
"Mean Wage",2016,"Antrim and Newtownabbey","Full-Time",29995,29241,30593
"Mean Wage",2016,"Antrim and Newtownabbey","Part-Time",12342,12123,NA
"Mean Wage",2016,"Armagh City, Banbridge and Craigavon","All",23166,19205,27093
"Mean Wage",2016,"Armagh City, Banbridge and Craigavon","Full-Time",27279,25205,28633
"Mean Wage",2016,"Armagh City, Banbridge and Craigavon","Part-Time",12733,11288,NA
"Mean Wage",2016,"Belfast","All",27871,22644,33110
"Mean Wage",2016,"Belfast","Full-Time",33563,29892,36100
"Mean Wage",2016,"Belfast","Part-Time",11151,11361,10443
"Mean Wage",2016,"Causeway Coast and Glens","All",18629,17529,20630
"Mean Wage",2016,"Causeway Coast and Glens","Full-Time",24050,23986,24126
"Mean Wage",2016,"Causeway Coast and Glens","Part-Time",10064,10696,7390
"Mean Wage",2016,"Derry City and Strabane","All",20794,19666,22152
"Mean Wage",2016,"Derry City and Strabane","Full-Time",26204,27259,25285
"Mean Wage",2016,"Derry City and Strabane","Part-Time",9674,9479,10160
"Mean Wage",2016,"Fermanagh and Omagh","All",19866,17301,23364
"Mean Wage",2016,"Fermanagh and Omagh","Full-Time",25686,24535,26677
"Mean Wage",2016,"Fermanagh and Omagh","Part-Time",9480,9651,8869
"Mean Wage",2016,"Lisburn and Castlereagh","All",22100,19594,24907
"Mean Wage",2016,"Lisburn and Castlereagh","Full-Time",28023,27718,28247
"Mean Wage",2016,"Lisburn and Castlereagh","Part-Time",9025,9603,7195
"Mean Wage",2016,"Mid and East Antrim","All",25816,19849,30481
"Mean Wage",2016,"Mid and East Antrim","Full-Time",31576,26672,34125
"Mean Wage",2016,"Mid and East Antrim","Part-Time",10558,10958,9646
"Mean Wage",2016,"Mid Ulster","All",23046,18084,26361
"Mean Wage",2016,"Mid Ulster","Full-Time",27781,24309,29253
"Mean Wage",2016,"Mid Ulster","Part-Time",10326,10732,9476
"Mean Wage",2016,"Newry, Mourne and Down","All",22155,18297,25599
"Mean Wage",2016,"Newry, Mourne and Down","Full-Time",27110,24134,28859
"Mean Wage",2016,"Newry, Mourne and Down","Part-Time",11161,11411,10587
"Mean Wage",2016,"Ards and North Down","All",20189,17200,24684
"Mean Wage",2016,"Ards and North Down","Full-Time",26892,24952,28658
"Mean Wage",2016,"Ards and North Down","Part-Time",9946,10059,9520
"Mean Wage",2017,"Northern Ireland","All",24975,20993,28876
"Mean Wage",2017,"Northern Ireland","Full-Time",30254,28133,31625
"Mean Wage",2017,"Northern Ireland","Part-Time",11426,11499,11198
"Mean Wage",2017,"Antrim and Newtownabbey","All",25845,22545,29769
"Mean Wage",2017,"Antrim and Newtownabbey","Full-Time",30077,28072,31813
"Mean Wage",2017,"Antrim and Newtownabbey","Part-Time",12583,12383,NA
"Mean Wage",2017,"Armagh City, Banbridge and Craigavon","All",25844,22781,28892
"Mean Wage",2017,"Armagh City, Banbridge and Craigavon","Full-Time",30359,NA,29557
"Mean Wage",2017,"Armagh City, Banbridge and Craigavon","Part-Time",NA,12976,NA
"Mean Wage",2017,"Belfast","All",28454,23334,33205
"Mean Wage",2017,"Belfast","Full-Time",33359,29676,35761
"Mean Wage",2017,"Belfast","Part-Time",12450,12636,NA
"Mean Wage",2017,"Causeway Coast and Glens","All",19367,17967,21367
"Mean Wage",2017,"Causeway Coast and Glens","Full-Time",24207,24776,23707
"Mean Wage",2017,"Causeway Coast and Glens","Part-Time",9713,10296,6897
"Mean Wage",2017,"Derry City and Strabane","All",22107,19662,25465
"Mean Wage",2017,"Derry City and Strabane","Full-Time",28272,26694,29864
"Mean Wage",2017,"Derry City and Strabane","Part-Time",10835,10672,11250
"Mean Wage",2017,"Fermanagh and Omagh","All",21435,18260,25125
"Mean Wage",2017,"Fermanagh and Omagh","Full-Time",27086,NA,28411
"Mean Wage",2017,"Fermanagh and Omagh","Part-Time",NA,NA,NA
"Mean Wage",2017,"Lisburn and Castlereagh","All",22301,20229,24404
"Mean Wage",2017,"Lisburn and Castlereagh","Full-Time",27969,28491,27618
"Mean Wage",2017,"Lisburn and Castlereagh","Part-Time",9997,10292,NA
"Mean Wage",2017,"Mid and East Antrim","All",23539,19933,26175
"Mean Wage",2017,"Mid and East Antrim","Full-Time",28220,26159,29230
"Mean Wage",2017,"Mid and East Antrim","Part-Time",11112,11820,9674
"Mean Wage",2017,"Mid Ulster","All",22524,19207,24577
"Mean Wage",2017,"Mid Ulster","Full-Time",26478,26479,26478
"Mean Wage",2017,"Mid Ulster","Part-Time",10824,10860,10739
"Mean Wage",2017,"Newry, Mourne and Down","All",21310,17398,24840
"Mean Wage",2017,"Newry, Mourne and Down","Full-Time",26462,23399,28147
"Mean Wage",2017,"Newry, Mourne and Down","Part-Time",10416,11195,NA
"Mean Wage",2017,"Ards and North Down","All",20275,17473,NA
"Mean Wage",2017,"Ards and North Down","Full-Time",27728,26333,NA
"Mean Wage",2017,"Ards and North Down","Part-Time",9184,9290,NA
"Mean Wage",2018,"Northern Ireland","All",25630,21395,29882
"Mean Wage",2018,"Northern Ireland","Full-Time",31158,28593,32874
"Mean Wage",2018,"Northern Ireland","Part-Time",11909,11841,12113
"Mean Wage",2018,"Antrim and Newtownabbey","All",25921,23710,28349
"Mean Wage",2018,"Antrim and Newtownabbey","Full-Time",30510,30896,30214
"Mean Wage",2018,"Antrim and Newtownabbey","Part-Time",12740,12159,NA
"Mean Wage",2018,"Armagh City, Banbridge and Craigavon","All",25656,21310,30129
"Mean Wage",2018,"Armagh City, Banbridge and Craigavon","Full-Time",29777,27280,31437
"Mean Wage",2018,"Armagh City, Banbridge and Craigavon","Part-Time",15706,13815,NA
"Mean Wage",2018,"Belfast","All",28554,23639,33296
"Mean Wage",2018,"Belfast","Full-Time",33936,30353,36348
"Mean Wage",2018,"Belfast","Part-Time",12661,13044,11494
"Mean Wage",2018,"Causeway Coast and Glens","All",21654,19062,24977
"Mean Wage",2018,"Causeway Coast and Glens","Full-Time",26775,24899,28510
"Mean Wage",2018,"Causeway Coast and Glens","Part-Time",10494,10797,9637
"Mean Wage",2018,"Derry City and Strabane","All",20981,18811,24021
"Mean Wage",2018,"Derry City and Strabane","Full-Time",26408,26045,26747
"Mean Wage",2018,"Derry City and Strabane","Part-Time",10806,10336,12404
"Mean Wage",2018,"Fermanagh and Omagh","All",21967,18674,25792
"Mean Wage",2018,"Fermanagh and Omagh","Full-Time",27636,24504,30093
"Mean Wage",2018,"Fermanagh and Omagh","Part-Time",11433,12056,9839
"Mean Wage",2018,"Lisburn and Castlereagh","All",24147,21512,26973
"Mean Wage",2018,"Lisburn and Castlereagh","Full-Time",29605,29891,29402
"Mean Wage",2018,"Lisburn and Castlereagh","Part-Time",10811,10379,NA
"Mean Wage",2018,"Mid and East Antrim","All",25605,20370,30403
"Mean Wage",2018,"Mid and East Antrim","Full-Time",31269,28048,33184
"Mean Wage",2018,"Mid and East Antrim","Part-Time",12155,11039,NA
"Mean Wage",2018,"Mid Ulster","All",23116,19908,25139
"Mean Wage",2018,"Mid Ulster","Full-Time",27521,26202,28098
"Mean Wage",2018,"Mid Ulster","Part-Time",10114,10952,8682
"Mean Wage",2018,"Newry, Mourne and Down","All",24216,18705,29997
"Mean Wage",2018,"Newry, Mourne and Down","Full-Time",31269,25916,34542
"Mean Wage",2018,"Newry, Mourne and Down","Part-Time",11225,12037,8711
"Mean Wage",2018,"Ards and North Down","All",20454,18281,23639
"Mean Wage",2018,"Ards and North Down","Full-Time",27865,27992,27752
"Mean Wage",2018,"Ards and North Down","Part-Time",9475,9624,8946
"Mean Wage",2019,"Northern Ireland","All",26232,21334,31319
"Mean Wage",2019,"Northern Ireland","Full-Time",32104,28869,34281
"Mean Wage",2019,"Northern Ireland","Part-Time",12292,11915,13512
"Mean Wage",2019,"Antrim and Newtownabbey","All",25850,22398,30077
"Mean Wage",2019,"Antrim and Newtownabbey","Full-Time",31387,30104,32426
"Mean Wage",2019,"Antrim and Newtownabbey","Part-Time",12849,12180,NA
"Mean Wage",2019,"Armagh City, Banbridge and Craigavon","All",25414,20920,30564
"Mean Wage",2019,"Armagh City, Banbridge and Craigavon","Full-Time",30488,28229,32146
"Mean Wage",2019,"Armagh City, Banbridge and Craigavon","Part-Time",14552,12326,NA
"Mean Wage",2019,"Belfast","All",29447,23755,35076
"Mean Wage",2019,"Belfast","Full-Time",34885,30797,37610
"Mean Wage",2019,"Belfast","Part-Time",13444,13177,NA
"Mean Wage",2019,"Causeway Coast and Glens","All",21693,NA,23822
"Mean Wage",2019,"Causeway Coast and Glens","Full-Time",26927,27023,26848
"Mean Wage",2019,"Causeway Coast and Glens","Part-Time",9989,10612,7943
"Mean Wage",2019,"Derry City and Strabane","All",21872,18774,25690
"Mean Wage",2019,"Derry City and Strabane","Full-Time",27924,26746,28910
"Mean Wage",2019,"Derry City and Strabane","Part-Time",11567,10129,15190
"Mean Wage",2019,"Fermanagh and Omagh","All",22988,20074,26373
"Mean Wage",2019,"Fermanagh and Omagh","Full-Time",29457,28451,30099
"Mean Wage",2019,"Fermanagh and Omagh","Part-Time",12142,13112,NA
"Mean Wage",2019,"Lisburn and Castlereagh","All",24431,20004,29274
"Mean Wage",2019,"Lisburn and Castlereagh","Full-Time",31135,28718,32761
"Mean Wage",2019,"Lisburn and Castlereagh","Part-Time",10666,10651,NA
"Mean Wage",2019,"Mid and East Antrim","All",25392,20008,30805
"Mean Wage",2019,"Mid and East Antrim","Full-Time",31649,27915,33899
"Mean Wage",2019,"Mid and East Antrim","Part-Time",11923,11706,NA
"Mean Wage",2019,"Mid Ulster","All",24012,19564,26913
"Mean Wage",2019,"Mid Ulster","Full-Time",28265,25287,29626
"Mean Wage",2019,"Mid Ulster","Part-Time",11054,11044,11073
"Mean Wage",2019,"Newry, Mourne and Down","All",26692,19376,34601
"Mean Wage",2019,"Newry, Mourne and Down","Full-Time",33476,26248,38269
"Mean Wage",2019,"Newry, Mourne and Down","Part-Time",11630,11653,11547
"Mean Wage",2019,"Ards and North Down","All",21541,19139,25154
"Mean Wage",2019,"Ards and North Down","Full-Time",28255,26872,29674
"Mean Wage",2019,"Ards and North Down","Part-Time",10867,10847,10927
"Mean Wage",2020,"Northern Ireland","All",27061,22510,31944
"Mean Wage",2020,"Northern Ireland","Full-Time",32990,30099,35050
"Mean Wage",2020,"Northern Ireland","Part-Time",12822,12549,13696
"Mean Wage",2020,"Antrim and Newtownabbey","All",26616,23418,31004
"Mean Wage",2020,"Antrim and Newtownabbey","Full-Time",32905,32503,33256
"Mean Wage",2020,"Antrim and Newtownabbey","Part-Time",13247,12405,NA
"Mean Wage",2020,"Armagh City, Banbridge and Craigavon","All",26380,22861,30323
"Mean Wage",2020,"Armagh City, Banbridge and Craigavon","Full-Time",31612,31170,31909
"Mean Wage",2020,"Armagh City, Banbridge and Craigavon","Part-Time",15534,14099,NA
"Mean Wage",2020,"Belfast","All",31373,25663,37365
"Mean Wage",2020,"Belfast","Full-Time",36927,32435,40360
"Mean Wage",2020,"Belfast","Part-Time",14202,13655,15891
"Mean Wage",2020,"Causeway Coast and Glens","All",23098,20330,26307
"Mean Wage",2020,"Causeway Coast and Glens","Full-Time",27610,26360,28568
"Mean Wage",2020,"Causeway Coast and Glens","Part-Time",11944,12164,11107
"Mean Wage",2020,"Derry City and Strabane","All",22700,19175,26901
"Mean Wage",2020,"Derry City and Strabane","Full-Time",29965,27925,31654
"Mean Wage",2020,"Derry City and Strabane","Part-Time",10748,9780,12939
"Mean Wage",2020,"Fermanagh and Omagh","All",23767,20398,28249
"Mean Wage",2020,"Fermanagh and Omagh","Full-Time",30124,27398,32177
"Mean Wage",2020,"Fermanagh and Omagh","Part-Time",13321,14245,NA
"Mean Wage",2020,"Lisburn and Castlereagh","All",24751,21416,28558
"Mean Wage",2020,"Lisburn and Castlereagh","Full-Time",30419,28943,31553
"Mean Wage",2020,"Lisburn and Castlereagh","Part-Time",11523,11419,11859
"Mean Wage",2020,"Mid and East Antrim","All",24333,19036,30639
"Mean Wage",2020,"Mid and East Antrim","Full-Time",30613,25977,34016
"Mean Wage",2020,"Mid and East Antrim","Part-Time",11048,11238,10301
"Mean Wage",2020,"Mid Ulster","All",24203,19885,27101
"Mean Wage",2020,"Mid Ulster","Full-Time",29069,26628,30186
"Mean Wage",2020,"Mid Ulster","Part-Time",9789,10398,8603
"Mean Wage",2020,"Newry, Mourne and Down","All",25713,21142,30610
"Mean Wage",2020,"Newry, Mourne and Down","Full-Time",31675,28266,34044
"Mean Wage",2020,"Newry, Mourne and Down","Part-Time",12488,12556,12277
"Mean Wage",2020,"Ards and North Down","All",22446,19667,26226
"Mean Wage",2020,"Ards and North Down","Full-Time",29207,27490,30706
"Mean Wage",2020,"Ards and North Down","Part-Time",11856,12047,11283
"Mean Wage",2021,"Northern Ireland","All",27711,23633,31995
"Mean Wage",2021,"Northern Ireland","Full-Time",33479,31029,35252
"Mean Wage",2021,"Northern Ireland","Part-Time",13105,13100,13118
"Mean Wage",2021,"Antrim and Newtownabbey","All",27400,23951,31603
"Mean Wage",2021,"Antrim and Newtownabbey","Full-Time",33187,31728,34398
"Mean Wage",2021,"Antrim and Newtownabbey","Part-Time",13391,13023,NA
"Mean Wage",2021,"Armagh City, Banbridge and Craigavon","All",27309,23422,31808
"Mean Wage",2021,"Armagh City, Banbridge and Craigavon","Full-Time",33306,31449,34764
"Mean Wage",2021,"Armagh City, Banbridge and Craigavon","Part-Time",15137,13639,NA
"Mean Wage",2021,"Belfast","All",31349,26839,35880
"Mean Wage",2021,"Belfast","Full-Time",36208,32950,38666
"Mean Wage",2021,"Belfast","Part-Time",14436,14620,13887
"Mean Wage",2021,"Causeway Coast and Glens","All",23316,20355,27308
"Mean Wage",2021,"Causeway Coast and Glens","Full-Time",28724,27577,29693
"Mean Wage",2021,"Causeway Coast and Glens","Part-Time",12153,11961,NA
"Mean Wage",2021,"Derry City and Strabane","All",24043,21524,26894
"Mean Wage",2021,"Derry City and Strabane","Full-Time",30484,30342,30594
"Mean Wage",2021,"Derry City and Strabane","Part-Time",NA,NA,12308
"Mean Wage",2021,"Fermanagh and Omagh","All",23305,20025,27523
"Mean Wage",2021,"Fermanagh and Omagh","Full-Time",29473,26346,31988
"Mean Wage",2021,"Fermanagh and Omagh","Part-Time",12212,13471,7928
"Mean Wage",2021,"Lisburn and Castlereagh","All",28229,23591,NA
"Mean Wage",2021,"Lisburn and Castlereagh","Full-Time",NA,31029,NA
"Mean Wage",2021,"Lisburn and Castlereagh","Part-Time",12393,12870,10710
"Mean Wage",2021,"Mid and East Antrim","All",23952,19865,29007
"Mean Wage",2021,"Mid and East Antrim","Full-Time",30409,27348,32883
"Mean Wage",2021,"Mid and East Antrim","Part-Time",12444,11828,NA
"Mean Wage",2021,"Mid Ulster","All",25716,22142,28068
"Mean Wage",2021,"Mid Ulster","Full-Time",30222,28518,31010
"Mean Wage",2021,"Mid Ulster","Part-Time",11226,12273,NA
"Mean Wage",2021,"Newry, Mourne and Down","All",24422,21546,27461
"Mean Wage",2021,"Newry, Mourne and Down","Full-Time",30402,28415,31874
"Mean Wage",2021,"Newry, Mourne and Down","Part-Time",12448,13072,11055
"Mean Wage",2021,"Ards and North Down","All",23273,19807,27818
"Mean Wage",2021,"Ards and North Down","Full-Time",30339,28842,31448
"Mean Wage",2021,"Ards and North Down","Part-Time",12011,12076,11759
"Mean Wage",2022,"Northern Ireland","All",29692,24767,34906
"Mean Wage",2022,"Northern Ireland","Full-Time",35491,32143,37913
"Mean Wage",2022,"Northern Ireland","Part-Time",14009,13888,14415
"Mean Wage",2022,"Antrim and Newtownabbey","All",28893,25137,34407
"Mean Wage",2022,"Antrim and Newtownabbey","Full-Time",34610,32211,37203
"Mean Wage",2022,"Antrim and Newtownabbey","Part-Time",14282,13203,NA
"Mean Wage",2022,"Armagh City, Banbridge and Craigavon","All",29193,24603,35376
"Mean Wage",2022,"Armagh City, Banbridge and Craigavon","Full-Time",34845,32577,36766
"Mean Wage",2022,"Armagh City, Banbridge and Craigavon","Part-Time",16057,14500,NA
"Mean Wage",2022,"Belfast","All",34040,28093,39805
"Mean Wage",2022,"Belfast","Full-Time",39270,34443,42640
"Mean Wage",2022,"Belfast","Part-Time",16247,16527,15323
"Mean Wage",2022,"Causeway Coast and Glens","All",25874,22653,29553
"Mean Wage",2022,"Causeway Coast and Glens","Full-Time",31212,29708,32318
"Mean Wage",2022,"Causeway Coast and Glens","Part-Time",12770,13500,9816
"Mean Wage",2022,"Derry City and Strabane","All",25396,22142,28720
"Mean Wage",2022,"Derry City and Strabane","Full-Time",31077,29612,32172
"Mean Wage",2022,"Derry City and Strabane","Part-Time",11707,10999,13294
"Mean Wage",2022,"Fermanagh and Omagh","All",26907,23220,31277
"Mean Wage",2022,"Fermanagh and Omagh","Full-Time",34032,31751,35732
"Mean Wage",2022,"Fermanagh and Omagh","Part-Time",NA,NA,9900
"Mean Wage",2022,"Lisburn and Castlereagh","All",27838,23526,32553
"Mean Wage",2022,"Lisburn and Castlereagh","Full-Time",33911,30899,36208
"Mean Wage",2022,"Lisburn and Castlereagh","Part-Time",12474,12750,11649
"Mean Wage",2022,"Mid and East Antrim","All",25745,21991,30279
"Mean Wage",2022,"Mid and East Antrim","Full-Time",31244,29013,33000
"Mean Wage",2022,"Mid and East Antrim","Part-Time",12712,12820,NA
"Mean Wage",2022,"Mid Ulster","All",26424,21533,29962
"Mean Wage",2022,"Mid Ulster","Full-Time",31224,28269,32708
"Mean Wage",2022,"Mid Ulster","Part-Time",NA,11581,NA
"Mean Wage",2022,"Newry, Mourne and Down","All",28080,22592,34199
"Mean Wage",2022,"Newry, Mourne and Down","Full-Time",34256,30114,37170
"Mean Wage",2022,"Newry, Mourne and Down","Part-Time",13704,13474,NA
"Mean Wage",2022,"Ards and North Down","All",23403,21298,26634
"Mean Wage",2022,"Ards and North Down","Full-Time",30851,30518,31186
"Mean Wage",2022,"Ards and North Down","Part-Time",12295,12238,12478
"Mean Wage",2023,"Northern Ireland","All",31410,25877,37204
"Mean Wage",2023,"Northern Ireland","Full-Time",37930,34046,40721
"Mean Wage",2023,"Northern Ireland","Part-Time",15072,14391,17064
"Mean Wage",2023,"Antrim and Newtownabbey","All",32883,25870,41101
"Mean Wage",2023,"Antrim and Newtownabbey","Full-Time",39056,33694,43324
"Mean Wage",2023,"Antrim and Newtownabbey","Part-Time",15780,13962,NA
"Mean Wage",2023,"Armagh City, Banbridge and Craigavon","All",30955,25775,36886
"Mean Wage",2023,"Armagh City, Banbridge and Craigavon","Full-Time",37301,35035,38903
"Mean Wage",2023,"Armagh City, Banbridge and Craigavon","Part-Time",17091,15239,NA
"Mean Wage",2023,"Belfast","All",36931,29639,44642
"Mean Wage",2023,"Belfast","Full-Time",42747,36583,47692
"Mean Wage",2023,"Belfast","Part-Time",17794,15894,NA
"Mean Wage",2023,"Causeway Coast and Glens","All",26058,23981,28438
"Mean Wage",2023,"Causeway Coast and Glens","Full-Time",30587,29246,31775
"Mean Wage",2023,"Causeway Coast and Glens","Part-Time",13893,14582,12232
"Mean Wage",2023,"Derry City and Strabane","All",27288,23347,31663
"Mean Wage",2023,"Derry City and Strabane","Full-Time",35151,32023,37839
"Mean Wage",2023,"Derry City and Strabane","Part-Time",13107,12073,14957
"Mean Wage",2023,"Fermanagh and Omagh","All",28454,25397,31725
"Mean Wage",2023,"Fermanagh and Omagh","Full-Time",36213,36560,35995
"Mean Wage",2023,"Fermanagh and Omagh","Part-Time",13594,14668,10029
"Mean Wage",2023,"Lisburn and Castlereagh","All",28333,23722,33144
"Mean Wage",2023,"Lisburn and Castlereagh","Full-Time",35235,32139,37330
"Mean Wage",2023,"Lisburn and Castlereagh","Part-Time",12970,13620,11033
"Mean Wage",2023,"Mid and East Antrim","All",28099,23868,32266
"Mean Wage",2023,"Mid and East Antrim","Full-Time",34182,31688,35762
"Mean Wage",2023,"Mid and East Antrim","Part-Time",15102,14959,NA
"Mean Wage",2023,"Mid Ulster","All",28901,21530,33750
"Mean Wage",2023,"Mid Ulster","Full-Time",34775,29462,36935
"Mean Wage",2023,"Mid Ulster","Part-Time",12776,12440,13534
"Mean Wage",2023,"Newry, Mourne and Down","All",25670,22606,29503
"Mean Wage",2023,"Newry, Mourne and Down","Full-Time",31582,29781,32998
"Mean Wage",2023,"Newry, Mourne and Down","Part-Time",13869,14583,11244
"Mean Wage",2023,"Ards and North Down","All",24878,21876,29288
"Mean Wage",2023,"Ards and North Down","Full-Time",33514,32721,34215
"Mean Wage",2023,"Ards and North Down","Part-Time",12643,12550,12961
"Mean Wage",2024,"Northern Ireland","All",32710,27270,38380
"Mean Wage",2024,"Northern Ireland","Full-Time",39517,35771,42258
"Mean Wage",2024,"Northern Ireland","Part-Time",15103,14670,16319
"Mean Wage",2024,"Antrim and Newtownabbey","All",34334,27656,42346
"Mean Wage",2024,"Antrim and Newtownabbey","Full-Time",40734,35892,44826
"Mean Wage",2024,"Antrim and Newtownabbey","Part-Time",16129,14142,NA
"Mean Wage",2024,"Armagh City, Banbridge and Craigavon","All",31528,26327,37970
"Mean Wage",2024,"Armagh City, Banbridge and Craigavon","Full-Time",38008,34788,40636
"Mean Wage",2024,"Armagh City, Banbridge and Craigavon","Part-Time",17028,15497,NA
"Mean Wage",2024,"Belfast","All",37877,32136,43837
"Mean Wage",2024,"Belfast","Full-Time",43767,39723,47021
"Mean Wage",2024,"Belfast","Part-Time",16956,15789,NA
"Mean Wage",2024,"Causeway Coast and Glens","All",25976,24008,28046
"Mean Wage",2024,"Causeway Coast and Glens","Full-Time",31957,31415,32339
"Mean Wage",2024,"Causeway Coast and Glens","Part-Time",14361,15569,11473
"Mean Wage",2024,"Derry City and Strabane","All",29116,24793,33423
"Mean Wage",2024,"Derry City and Strabane","Full-Time",36453,33724,38379
"Mean Wage",2024,"Derry City and Strabane","Part-Time",13520,13248,14098
"Mean Wage",2024,"Fermanagh and Omagh","All",30344,25074,35897
"Mean Wage",2024,"Fermanagh and Omagh","Full-Time",37527,32591,40952
"Mean Wage",2024,"Fermanagh and Omagh","Part-Time",15205,16192,12527
"Mean Wage",2024,"Lisburn and Castlereagh","All",30740,25578,36681
"Mean Wage",2024,"Lisburn and Castlereagh","Full-Time",38428,34540,41616
"Mean Wage",2024,"Lisburn and Castlereagh","Part-Time",14812,13800,17293
"Mean Wage",2024,"Mid and East Antrim","All",29288,23431,35581
"Mean Wage",2024,"Mid and East Antrim","Full-Time",36188,31335,39653
"Mean Wage",2024,"Mid and East Antrim","Part-Time",13518,13397,NA
"Mean Wage",2024,"Mid Ulster","All",30559,23309,35606
"Mean Wage",2024,"Mid Ulster","Full-Time",36023,30453,38411
"Mean Wage",2024,"Mid Ulster","Part-Time",13779,14523,11558
"Mean Wage",2024,"Newry, Mourne and Down","All",28018,23968,32265
"Mean Wage",2024,"Newry, Mourne and Down","Full-Time",35586,32736,37664
"Mean Wage",2024,"Newry, Mourne and Down","Part-Time",13260,13477,12781
"Mean Wage",2024,"Ards and North Down","All",25461,21991,30640
"Mean Wage",2024,"Ards and North Down","Full-Time",34081,31685,36266
"Mean Wage",2024,"Ards and North Down","Part-Time",12575,13142,10556
"Mean Wage",2025,"Northern Ireland","All",35571,30287,41389
"Mean Wage",2025,"Northern Ireland","Full-Time",43113,39643,45756
"Mean Wage",2025,"Northern Ireland","Part-Time",16539,16779,15798
"Mean Wage",2025,"Antrim and Newtownabbey","All",37369,30460,45247
"Mean Wage",2025,"Antrim and Newtownabbey","Full-Time",44312,38811,48492
"Mean Wage",2025,"Antrim and Newtownabbey","Part-Time",18980,18522,NA
"Mean Wage",2025,"Armagh City, Banbridge and Craigavon","All",34807,30442,40116
"Mean Wage",2025,"Armagh City, Banbridge and Craigavon","Full-Time",42446,38974,45505
"Mean Wage",2025,"Armagh City, Banbridge and Craigavon","Part-Time",17159,17874,15177
"Mean Wage",2025,"Belfast","All",40016,35140,45467
"Mean Wage",2025,"Belfast","Full-Time",46962,43980,49501
"Mean Wage",2025,"Belfast","Part-Time",17012,17248,16292
"Mean Wage",2025,"Causeway Coast and Glens","All",28537,25978,31652
"Mean Wage",2025,"Causeway Coast and Glens","Full-Time",35202,34807,35542
"Mean Wage",2025,"Causeway Coast and Glens","Part-Time",16673,15632,NA
"Mean Wage",2025,"Derry City and Strabane","All",33442,28161,39689
"Mean Wage",2025,"Derry City and Strabane","Full-Time",41013,37520,43648
"Mean Wage",2025,"Derry City and Strabane","Part-Time",16909,16984,16631
"Mean Wage",2025,"Fermanagh and Omagh","All",34350,29790,38923
"Mean Wage",2025,"Fermanagh and Omagh","Full-Time",42838,41733,43504
"Mean Wage",2025,"Fermanagh and Omagh","Part-Time",16037,17224,NA
"Mean Wage",2025,"Lisburn and Castlereagh","All",35333,27658,43755
"Mean Wage",2025,"Lisburn and Castlereagh","Full-Time",43500,36663,48432
"Mean Wage",2025,"Lisburn and Castlereagh","Part-Time",16309,16176,NA
"Mean Wage",2025,"Mid and East Antrim","All",33143,25995,39406
"Mean Wage",2025,"Mid and East Antrim","Full-Time",39670,33088,43465
"Mean Wage",2025,"Mid and East Antrim","Part-Time",NA,NA,13249
"Mean Wage",2025,"Mid Ulster","All",31469,25345,36476
"Mean Wage",2025,"Mid Ulster","Full-Time",38323,35314,39837
"Mean Wage",2025,"Mid Ulster","Part-Time",NA,13898,NA
"Mean Wage",2025,"Newry, Mourne and Down","All",30823,26595,36302
"Mean Wage",2025,"Newry, Mourne and Down","Full-Time",38671,35953,40925
"Mean Wage",2025,"Newry, Mourne and Down","Part-Time",16278,16397,NA
"Mean Wage",2025,"Ards and North Down","All",27543,25176,31050
"Mean Wage",2025,"Ards and North Down","Full-Time",35421,33812,37019
"Mean Wage",2025,"Ards and North Down","Part-Time",15158,16183,12046
