"Statistic","Year","Local Government District","Working Pattern","Female","Male","All Persons"
"Number of Jobs (Thousands)",2014,"Antrim and Newtownabbey","All Jobs",26,23,49
"Number of Jobs (Thousands)",2014,"Antrim and Newtownabbey","Full Time",14,19,33
"Number of Jobs (Thousands)",2014,"Antrim and Newtownabbey","Part Time",12,NA,15
"Number of Jobs (Thousands)",2014,"Ards and North Down","All Jobs",17,13,30
"Number of Jobs (Thousands)",2014,"Ards and North Down","Full Time",8,10,18
"Number of Jobs (Thousands)",2014,"Ards and North Down","Part Time",9,NA,12
"Number of Jobs (Thousands)",2014,"Armagh City, Banbridge and Craigavon","All Jobs",40,36,76
"Number of Jobs (Thousands)",2014,"Armagh City, Banbridge and Craigavon","Full Time",21,30,51
"Number of Jobs (Thousands)",2014,"Armagh City, Banbridge and Craigavon","Part Time",19,6,25
"Number of Jobs (Thousands)",2014,"Belfast","All Jobs",90,108,198
"Number of Jobs (Thousands)",2014,"Belfast","Full Time",53,94,147
"Number of Jobs (Thousands)",2014,"Belfast","Part Time",37,14,51
"Number of Jobs (Thousands)",2014,"Causeway Coast and Glens","All Jobs",22,15,37
"Number of Jobs (Thousands)",2014,"Causeway Coast and Glens","Full Time",12,11,23
"Number of Jobs (Thousands)",2014,"Causeway Coast and Glens","Part Time",10,NA,14
"Number of Jobs (Thousands)",2014,"Derry City and Strabane","All Jobs",38,25,63
"Number of Jobs (Thousands)",2014,"Derry City and Strabane","Full Time",18,20,38
"Number of Jobs (Thousands)",2014,"Derry City and Strabane","Part Time",19,5,25
"Number of Jobs (Thousands)",2014,"Fermanagh and Omagh","All Jobs",18,14,32
"Number of Jobs (Thousands)",2014,"Fermanagh and Omagh","Full Time",9,11,20
"Number of Jobs (Thousands)",2014,"Fermanagh and Omagh","Part Time",9,NA,12
"Number of Jobs (Thousands)",2014,"Lisburn and Castlereagh","All Jobs",22,25,47
"Number of Jobs (Thousands)",2014,"Lisburn and Castlereagh","Full Time",11,21,32
"Number of Jobs (Thousands)",2014,"Lisburn and Castlereagh","Part Time",11,5,16
"Number of Jobs (Thousands)",2014,"Mid and East Antrim","All Jobs",22,29,51
"Number of Jobs (Thousands)",2014,"Mid and East Antrim","Full Time",12,24,36
"Number of Jobs (Thousands)",2014,"Mid and East Antrim","Part Time",11,5,15
"Number of Jobs (Thousands)",2014,"Mid Ulster","All Jobs",21,29,50
"Number of Jobs (Thousands)",2014,"Mid Ulster","Full Time",11,23,34
"Number of Jobs (Thousands)",2014,"Mid Ulster","Part Time",10,5,15
"Number of Jobs (Thousands)",2014,"Newry, Mourne and Down","All Jobs",23,27,49
"Number of Jobs (Thousands)",2014,"Newry, Mourne and Down","Full Time",11,21,32
"Number of Jobs (Thousands)",2014,"Newry, Mourne and Down","Part Time",11,6,17
"Number of Jobs (Thousands)",2014,"Northern Ireland","All Jobs",354,367,722
"Number of Jobs (Thousands)",2014,"Northern Ireland","Full Time",191,305,497
"Number of Jobs (Thousands)",2014,"Northern Ireland","Part Time",163,62,225
"Number of Jobs (Thousands)",2015,"Antrim and Newtownabbey","All Jobs",29,26,55
"Number of Jobs (Thousands)",2015,"Antrim and Newtownabbey","Full Time",16,23,39
"Number of Jobs (Thousands)",2015,"Antrim and Newtownabbey","Part Time",13,NA,16
"Number of Jobs (Thousands)",2015,"Ards and North Down","All Jobs",23,14,37
"Number of Jobs (Thousands)",2015,"Ards and North Down","Full Time",10,10,21
"Number of Jobs (Thousands)",2015,"Ards and North Down","Part Time",13,NA,16
"Number of Jobs (Thousands)",2015,"Armagh City, Banbridge and Craigavon","All Jobs",47,40,87
"Number of Jobs (Thousands)",2015,"Armagh City, Banbridge and Craigavon","Full Time",25,35,60
"Number of Jobs (Thousands)",2015,"Armagh City, Banbridge and Craigavon","Part Time",21,6,27
"Number of Jobs (Thousands)",2015,"Belfast","All Jobs",110,119,229
"Number of Jobs (Thousands)",2015,"Belfast","Full Time",67,103,170
"Number of Jobs (Thousands)",2015,"Belfast","Part Time",43,16,59
"Number of Jobs (Thousands)",2015,"Causeway Coast and Glens","All Jobs",25,16,41
"Number of Jobs (Thousands)",2015,"Causeway Coast and Glens","Full Time",14,12,26
"Number of Jobs (Thousands)",2015,"Causeway Coast and Glens","Part Time",11,NA,15
"Number of Jobs (Thousands)",2015,"Derry City and Strabane","All Jobs",33,25,58
"Number of Jobs (Thousands)",2015,"Derry City and Strabane","Full Time",18,20,38
"Number of Jobs (Thousands)",2015,"Derry City and Strabane","Part Time",15,5,20
"Number of Jobs (Thousands)",2015,"Fermanagh and Omagh","All Jobs",21,18,38
"Number of Jobs (Thousands)",2015,"Fermanagh and Omagh","Full Time",10,14,24
"Number of Jobs (Thousands)",2015,"Fermanagh and Omagh","Part Time",10,NA,14
"Number of Jobs (Thousands)",2015,"Lisburn and Castlereagh","All Jobs",26,28,54
"Number of Jobs (Thousands)",2015,"Lisburn and Castlereagh","Full Time",15,22,38
"Number of Jobs (Thousands)",2015,"Lisburn and Castlereagh","Part Time",11,6,17
"Number of Jobs (Thousands)",2015,"Mid and East Antrim","All Jobs",22,31,53
"Number of Jobs (Thousands)",2015,"Mid and East Antrim","Full Time",12,27,39
"Number of Jobs (Thousands)",2015,"Mid and East Antrim","Part Time",9,4,14
"Number of Jobs (Thousands)",2015,"Mid Ulster","All Jobs",22,32,54
"Number of Jobs (Thousands)",2015,"Mid Ulster","Full Time",12,26,38
"Number of Jobs (Thousands)",2015,"Mid Ulster","Part Time",10,6,16
"Number of Jobs (Thousands)",2015,"Newry, Mourne and Down","All Jobs",26,30,56
"Number of Jobs (Thousands)",2015,"Newry, Mourne and Down","Full Time",13,23,36
"Number of Jobs (Thousands)",2015,"Newry, Mourne and Down","Part Time",13,7,20
"Number of Jobs (Thousands)",2015,"Northern Ireland","All Jobs",394,398,792
"Number of Jobs (Thousands)",2015,"Northern Ireland","Full Time",219,334,553
"Number of Jobs (Thousands)",2015,"Northern Ireland","Part Time",175,64,239
"Number of Jobs (Thousands)",2016,"Antrim and Newtownabbey","All Jobs",32,30,62
"Number of Jobs (Thousands)",2016,"Antrim and Newtownabbey","Full Time",20,25,45
"Number of Jobs (Thousands)",2016,"Antrim and Newtownabbey","Part Time",12,5,17
"Number of Jobs (Thousands)",2016,"Ards and North Down","All Jobs",24,16,40
"Number of Jobs (Thousands)",2016,"Ards and North Down","Full Time",10,11,21
"Number of Jobs (Thousands)",2016,"Ards and North Down","Part Time",13,5,18
"Number of Jobs (Thousands)",2016,"Armagh City, Banbridge and Craigavon","All Jobs",42,42,84
"Number of Jobs (Thousands)",2016,"Armagh City, Banbridge and Craigavon","Full Time",23,36,59
"Number of Jobs (Thousands)",2016,"Armagh City, Banbridge and Craigavon","Part Time",19,6,25
"Number of Jobs (Thousands)",2016,"Belfast","All Jobs",121,129,250
"Number of Jobs (Thousands)",2016,"Belfast","Full Time",74,111,185
"Number of Jobs (Thousands)",2016,"Belfast","Part Time",47,18,65
"Number of Jobs (Thousands)",2016,"Causeway Coast and Glens","All Jobs",26,16,42
"Number of Jobs (Thousands)",2016,"Causeway Coast and Glens","Full Time",13,12,26
"Number of Jobs (Thousands)",2016,"Causeway Coast and Glens","Part Time",13,NA,17
"Number of Jobs (Thousands)",2016,"Derry City and Strabane","All Jobs",34,29,63
"Number of Jobs (Thousands)",2016,"Derry City and Strabane","Full Time",19,22,41
"Number of Jobs (Thousands)",2016,"Derry City and Strabane","Part Time",15,7,22
"Number of Jobs (Thousands)",2016,"Fermanagh and Omagh","All Jobs",24,20,43
"Number of Jobs (Thousands)",2016,"Fermanagh and Omagh","Full Time",12,16,27
"Number of Jobs (Thousands)",2016,"Fermanagh and Omagh","Part Time",12,4,16
"Number of Jobs (Thousands)",2016,"Lisburn and Castlereagh","All Jobs",30,28,58
"Number of Jobs (Thousands)",2016,"Lisburn and Castlereagh","Full Time",16,23,39
"Number of Jobs (Thousands)",2016,"Lisburn and Castlereagh","Part Time",14,5,19
"Number of Jobs (Thousands)",2016,"Mid and East Antrim","All Jobs",24,29,53
"Number of Jobs (Thousands)",2016,"Mid and East Antrim","Full Time",13,24,37
"Number of Jobs (Thousands)",2016,"Mid and East Antrim","Part Time",11,5,16
"Number of Jobs (Thousands)",2016,"Mid Ulster","All Jobs",23,35,58
"Number of Jobs (Thousands)",2016,"Mid Ulster","Full Time",12,30,43
"Number of Jobs (Thousands)",2016,"Mid Ulster","Part Time",11,5,15
"Number of Jobs (Thousands)",2016,"Newry, Mourne and Down","All Jobs",31,33,64
"Number of Jobs (Thousands)",2016,"Newry, Mourne and Down","Full Time",16,27,42
"Number of Jobs (Thousands)",2016,"Newry, Mourne and Down","Part Time",15,6,21
"Number of Jobs (Thousands)",2016,"Northern Ireland","All Jobs",413,420,833
"Number of Jobs (Thousands)",2016,"Northern Ireland","Full Time",231,351,582
"Number of Jobs (Thousands)",2016,"Northern Ireland","Part Time",183,69,252
"Number of Jobs (Thousands)",2017,"Antrim and Newtownabbey","All Jobs",31,27,58
"Number of Jobs (Thousands)",2017,"Antrim and Newtownabbey","Full Time",19,24,43
"Number of Jobs (Thousands)",2017,"Antrim and Newtownabbey","Part Time",11,4,15
"Number of Jobs (Thousands)",2017,"Ards and North Down","All Jobs",24,17,42
"Number of Jobs (Thousands)",2017,"Ards and North Down","Full Time",11,13,24
"Number of Jobs (Thousands)",2017,"Ards and North Down","Part Time",14,4,18
"Number of Jobs (Thousands)",2017,"Armagh City, Banbridge and Craigavon","All Jobs",40,41,80
"Number of Jobs (Thousands)",2017,"Armagh City, Banbridge and Craigavon","Full Time",21,35,56
"Number of Jobs (Thousands)",2017,"Armagh City, Banbridge and Craigavon","Part Time",19,6,24
"Number of Jobs (Thousands)",2017,"Belfast","All Jobs",117,127,244
"Number of Jobs (Thousands)",2017,"Belfast","Full Time",72,111,184
"Number of Jobs (Thousands)",2017,"Belfast","Part Time",45,16,61
"Number of Jobs (Thousands)",2017,"Causeway Coast and Glens","All Jobs",23,18,41
"Number of Jobs (Thousands)",2017,"Causeway Coast and Glens","Full Time",12,15,27
"Number of Jobs (Thousands)",2017,"Causeway Coast and Glens","Part Time",11,NA,14
"Number of Jobs (Thousands)",2017,"Derry City and Strabane","All Jobs",35,26,61
"Number of Jobs (Thousands)",2017,"Derry City and Strabane","Full Time",18,20,39
"Number of Jobs (Thousands)",2017,"Derry City and Strabane","Part Time",17,6,23
"Number of Jobs (Thousands)",2017,"Fermanagh and Omagh","All Jobs",23,20,43
"Number of Jobs (Thousands)",2017,"Fermanagh and Omagh","Full Time",12,17,29
"Number of Jobs (Thousands)",2017,"Fermanagh and Omagh","Part Time",11,NA,14
"Number of Jobs (Thousands)",2017,"Lisburn and Castlereagh","All Jobs",31,31,61
"Number of Jobs (Thousands)",2017,"Lisburn and Castlereagh","Full Time",18,26,44
"Number of Jobs (Thousands)",2017,"Lisburn and Castlereagh","Part Time",13,5,18
"Number of Jobs (Thousands)",2017,"Mid and East Antrim","All Jobs",21,26,47
"Number of Jobs (Thousands)",2017,"Mid and East Antrim","Full Time",11,22,33
"Number of Jobs (Thousands)",2017,"Mid and East Antrim","Part Time",10,4,14
"Number of Jobs (Thousands)",2017,"Mid Ulster","All Jobs",23,37,59
"Number of Jobs (Thousands)",2017,"Mid Ulster","Full Time",12,32,44
"Number of Jobs (Thousands)",2017,"Mid Ulster","Part Time",10,5,16
"Number of Jobs (Thousands)",2017,"Newry, Mourne and Down","All Jobs",32,33,65
"Number of Jobs (Thousands)",2017,"Newry, Mourne and Down","Full Time",16,27,42
"Number of Jobs (Thousands)",2017,"Newry, Mourne and Down","Part Time",16,6,22
"Number of Jobs (Thousands)",2017,"Northern Ireland","All Jobs",406,418,824
"Number of Jobs (Thousands)",2017,"Northern Ireland","Full Time",227,355,582
"Number of Jobs (Thousands)",2017,"Northern Ireland","Part Time",179,63,242
"Number of Jobs (Thousands)",2018,"Antrim and Newtownabbey","All Jobs",28,28,55
"Number of Jobs (Thousands)",2018,"Antrim and Newtownabbey","Full Time",17,24,42
"Number of Jobs (Thousands)",2018,"Antrim and Newtownabbey","Part Time",10,NA,14
"Number of Jobs (Thousands)",2018,"Ards and North Down","All Jobs",24,16,40
"Number of Jobs (Thousands)",2018,"Ards and North Down","Full Time",11,12,23
"Number of Jobs (Thousands)",2018,"Ards and North Down","Part Time",13,NA,17
"Number of Jobs (Thousands)",2018,"Armagh City, Banbridge and Craigavon","All Jobs",38,39,76
"Number of Jobs (Thousands)",2018,"Armagh City, Banbridge and Craigavon","Full Time",21,33,54
"Number of Jobs (Thousands)",2018,"Armagh City, Banbridge and Craigavon","Part Time",17,6,22
"Number of Jobs (Thousands)",2018,"Belfast","All Jobs",110,119,229
"Number of Jobs (Thousands)",2018,"Belfast","Full Time",69,101,170
"Number of Jobs (Thousands)",2018,"Belfast","Part Time",41,18,59
"Number of Jobs (Thousands)",2018,"Causeway Coast and Glens","All Jobs",20,18,38
"Number of Jobs (Thousands)",2018,"Causeway Coast and Glens","Full Time",11,15,26
"Number of Jobs (Thousands)",2018,"Causeway Coast and Glens","Part Time",9,NA,12
"Number of Jobs (Thousands)",2018,"Derry City and Strabane","All Jobs",32,23,55
"Number of Jobs (Thousands)",2018,"Derry City and Strabane","Full Time",17,18,36
"Number of Jobs (Thousands)",2018,"Derry City and Strabane","Part Time",15,5,20
"Number of Jobs (Thousands)",2018,"Fermanagh and Omagh","All Jobs",24,20,43
"Number of Jobs (Thousands)",2018,"Fermanagh and Omagh","Full Time",12,15,27
"Number of Jobs (Thousands)",2018,"Fermanagh and Omagh","Part Time",12,NA,16
"Number of Jobs (Thousands)",2018,"Lisburn and Castlereagh","All Jobs",31,30,61
"Number of Jobs (Thousands)",2018,"Lisburn and Castlereagh","Full Time",18,25,43
"Number of Jobs (Thousands)",2018,"Lisburn and Castlereagh","Part Time",13,5,18
"Number of Jobs (Thousands)",2018,"Mid and East Antrim","All Jobs",24,27,52
"Number of Jobs (Thousands)",2018,"Mid and East Antrim","Full Time",13,23,36
"Number of Jobs (Thousands)",2018,"Mid and East Antrim","Part Time",11,4,15
"Number of Jobs (Thousands)",2018,"Mid Ulster","All Jobs",22,36,58
"Number of Jobs (Thousands)",2018,"Mid Ulster","Full Time",12,31,43
"Number of Jobs (Thousands)",2018,"Mid Ulster","Part Time",10,5,15
"Number of Jobs (Thousands)",2018,"Newry, Mourne and Down","All Jobs",31,31,62
"Number of Jobs (Thousands)",2018,"Newry, Mourne and Down","Full Time",16,25,41
"Number of Jobs (Thousands)",2018,"Newry, Mourne and Down","Part Time",15,6,21
"Number of Jobs (Thousands)",2018,"Northern Ireland","All Jobs",390,402,792
"Number of Jobs (Thousands)",2018,"Northern Ireland","Full Time",224,340,564
"Number of Jobs (Thousands)",2018,"Northern Ireland","Part Time",166,62,228
"Number of Jobs (Thousands)",2019,"Antrim and Newtownabbey","All Jobs",33,29,62
"Number of Jobs (Thousands)",2019,"Antrim and Newtownabbey","Full Time",19,25,44
"Number of Jobs (Thousands)",2019,"Antrim and Newtownabbey","Part Time",14,4,18
"Number of Jobs (Thousands)",2019,"Ards and North Down","All Jobs",28,19,47
"Number of Jobs (Thousands)",2019,"Ards and North Down","Full Time",14,14,28
"Number of Jobs (Thousands)",2019,"Ards and North Down","Part Time",14,5,19
"Number of Jobs (Thousands)",2019,"Armagh City, Banbridge and Craigavon","All Jobs",50,42,92
"Number of Jobs (Thousands)",2019,"Armagh City, Banbridge and Craigavon","Full Time",27,35,63
"Number of Jobs (Thousands)",2019,"Armagh City, Banbridge and Craigavon","Part Time",23,7,30
"Number of Jobs (Thousands)",2019,"Belfast","All Jobs",124,127,251
"Number of Jobs (Thousands)",2019,"Belfast","Full Time",76,111,187
"Number of Jobs (Thousands)",2019,"Belfast","Part Time",48,16,65
"Number of Jobs (Thousands)",2019,"Causeway Coast and Glens","All Jobs",24,21,45
"Number of Jobs (Thousands)",2019,"Causeway Coast and Glens","Full Time",13,17,30
"Number of Jobs (Thousands)",2019,"Causeway Coast and Glens","Part Time",11,NA,15
"Number of Jobs (Thousands)",2019,"Derry City and Strabane","All Jobs",35,29,63
"Number of Jobs (Thousands)",2019,"Derry City and Strabane","Full Time",18,22,39
"Number of Jobs (Thousands)",2019,"Derry City and Strabane","Part Time",17,7,24
"Number of Jobs (Thousands)",2019,"Fermanagh and Omagh","All Jobs",24,22,45
"Number of Jobs (Thousands)",2019,"Fermanagh and Omagh","Full Time",11,18,29
"Number of Jobs (Thousands)",2019,"Fermanagh and Omagh","Part Time",12,NA,16
"Number of Jobs (Thousands)",2019,"Lisburn and Castlereagh","All Jobs",34,33,67
"Number of Jobs (Thousands)",2019,"Lisburn and Castlereagh","Full Time",18,28,46
"Number of Jobs (Thousands)",2019,"Lisburn and Castlereagh","Part Time",15,5,20
"Number of Jobs (Thousands)",2019,"Mid and East Antrim","All Jobs",26,26,52
"Number of Jobs (Thousands)",2019,"Mid and East Antrim","Full Time",13,21,34
"Number of Jobs (Thousands)",2019,"Mid and East Antrim","Part Time",13,4,18
"Number of Jobs (Thousands)",2019,"Mid Ulster","All Jobs",25,40,65
"Number of Jobs (Thousands)",2019,"Mid Ulster","Full Time",14,34,49
"Number of Jobs (Thousands)",2019,"Mid Ulster","Part Time",11,6,17
"Number of Jobs (Thousands)",2019,"Newry, Mourne and Down","All Jobs",35,30,65
"Number of Jobs (Thousands)",2019,"Newry, Mourne and Down","Full Time",18,26,44
"Number of Jobs (Thousands)",2019,"Newry, Mourne and Down","Part Time",17,5,22
"Number of Jobs (Thousands)",2019,"Northern Ireland","All Jobs",441,431,873
"Number of Jobs (Thousands)",2019,"Northern Ireland","Full Time",245,365,610
"Number of Jobs (Thousands)",2019,"Northern Ireland","Part Time",196,67,263
"Number of Jobs (Thousands)",2020,"Antrim and Newtownabbey","All Jobs",38,33,71
"Number of Jobs (Thousands)",2020,"Antrim and Newtownabbey","Full Time",21,27,48
"Number of Jobs (Thousands)",2020,"Antrim and Newtownabbey","Part Time",18,NA,23
"Number of Jobs (Thousands)",2020,"Ards and North Down","All Jobs",28,23,51
"Number of Jobs (Thousands)",2020,"Ards and North Down","Full Time",15,17,32
"Number of Jobs (Thousands)",2020,"Ards and North Down","Part Time",14,NA,19
"Number of Jobs (Thousands)",2020,"Armagh City, Banbridge and Craigavon","All Jobs",54,53,108
"Number of Jobs (Thousands)",2020,"Armagh City, Banbridge and Craigavon","Full Time",30,45,75
"Number of Jobs (Thousands)",2020,"Armagh City, Banbridge and Craigavon","Part Time",24,8,32
"Number of Jobs (Thousands)",2020,"Belfast","All Jobs",148,142,290
"Number of Jobs (Thousands)",2020,"Belfast","Full Time",94,123,217
"Number of Jobs (Thousands)",2020,"Belfast","Part Time",53,19,72
"Number of Jobs (Thousands)",2020,"Causeway Coast and Glens","All Jobs",31,25,56
"Number of Jobs (Thousands)",2020,"Causeway Coast and Glens","Full Time",16,21,38
"Number of Jobs (Thousands)",2020,"Causeway Coast and Glens","Part Time",15,NA,18
"Number of Jobs (Thousands)",2020,"Derry City and Strabane","All Jobs",39,35,75
"Number of Jobs (Thousands)",2020,"Derry City and Strabane","Full Time",20,26,46
"Number of Jobs (Thousands)",2020,"Derry City and Strabane","Part Time",19,9,28
"Number of Jobs (Thousands)",2020,"Fermanagh and Omagh","All Jobs",29,24,53
"Number of Jobs (Thousands)",2020,"Fermanagh and Omagh","Full Time",14,20,34
"Number of Jobs (Thousands)",2020,"Fermanagh and Omagh","Part Time",15,NA,19
"Number of Jobs (Thousands)",2020,"Lisburn and Castlereagh","All Jobs",39,36,75
"Number of Jobs (Thousands)",2020,"Lisburn and Castlereagh","Full Time",22,29,51
"Number of Jobs (Thousands)",2020,"Lisburn and Castlereagh","Part Time",17,7,24
"Number of Jobs (Thousands)",2020,"Mid and East Antrim","All Jobs",27,28,54
"Number of Jobs (Thousands)",2020,"Mid and East Antrim","Full Time",15,23,38
"Number of Jobs (Thousands)",2020,"Mid and East Antrim","Part Time",12,NA,16
"Number of Jobs (Thousands)",2020,"Mid Ulster","All Jobs",28,43,70
"Number of Jobs (Thousands)",2020,"Mid Ulster","Full Time",15,35,50
"Number of Jobs (Thousands)",2020,"Mid Ulster","Part Time",12,8,20
"Number of Jobs (Thousands)",2020,"Newry, Mourne and Down","All Jobs",42,37,79
"Number of Jobs (Thousands)",2020,"Newry, Mourne and Down","Full Time",24,31,55
"Number of Jobs (Thousands)",2020,"Newry, Mourne and Down","Part Time",18,7,25
"Number of Jobs (Thousands)",2020,"Northern Ireland","All Jobs",508,494,1002
"Number of Jobs (Thousands)",2020,"Northern Ireland","Full Time",292,413,705
"Number of Jobs (Thousands)",2020,"Northern Ireland","Part Time",216,81,297
"Number of Jobs (Thousands)",2021,"Antrim and Newtownabbey","All Jobs",40,36,77
"Number of Jobs (Thousands)",2021,"Antrim and Newtownabbey","Full Time",23,31,54
"Number of Jobs (Thousands)",2021,"Antrim and Newtownabbey","Part Time",17,5,23
"Number of Jobs (Thousands)",2021,"Ards and North Down","All Jobs",31,23,54
"Number of Jobs (Thousands)",2021,"Ards and North Down","Full Time",14,18,33
"Number of Jobs (Thousands)",2021,"Ards and North Down","Part Time",17,NA,22
"Number of Jobs (Thousands)",2021,"Armagh City, Banbridge and Craigavon","All Jobs",62,54,116
"Number of Jobs (Thousands)",2021,"Armagh City, Banbridge and Craigavon","Full Time",34,44,78
"Number of Jobs (Thousands)",2021,"Armagh City, Banbridge and Craigavon","Part Time",28,10,38
"Number of Jobs (Thousands)",2021,"Belfast","All Jobs",156,159,314
"Number of Jobs (Thousands)",2021,"Belfast","Full Time",103,140,243
"Number of Jobs (Thousands)",2021,"Belfast","Part Time",52,19,71
"Number of Jobs (Thousands)",2021,"Causeway Coast and Glens","All Jobs",33,26,59
"Number of Jobs (Thousands)",2021,"Causeway Coast and Glens","Full Time",16,22,38
"Number of Jobs (Thousands)",2021,"Causeway Coast and Glens","Part Time",16,NA,21
"Number of Jobs (Thousands)",2021,"Derry City and Strabane","All Jobs",41,35,76
"Number of Jobs (Thousands)",2021,"Derry City and Strabane","Full Time",22,28,50
"Number of Jobs (Thousands)",2021,"Derry City and Strabane","Part Time",18,7,26
"Number of Jobs (Thousands)",2021,"Fermanagh and Omagh","All Jobs",32,26,58
"Number of Jobs (Thousands)",2021,"Fermanagh and Omagh","Full Time",16,21,37
"Number of Jobs (Thousands)",2021,"Fermanagh and Omagh","Part Time",16,NA,21
"Number of Jobs (Thousands)",2021,"Lisburn and Castlereagh","All Jobs",42,41,83
"Number of Jobs (Thousands)",2021,"Lisburn and Castlereagh","Full Time",24,36,60
"Number of Jobs (Thousands)",2021,"Lisburn and Castlereagh","Part Time",18,NA,24
"Number of Jobs (Thousands)",2021,"Mid and East Antrim","All Jobs",31,27,58
"Number of Jobs (Thousands)",2021,"Mid and East Antrim","Full Time",15,22,37
"Number of Jobs (Thousands)",2021,"Mid and East Antrim","Part Time",16,NA,21
"Number of Jobs (Thousands)",2021,"Mid Ulster","All Jobs",31,47,78
"Number of Jobs (Thousands)",2021,"Mid Ulster","Full Time",18,41,58
"Number of Jobs (Thousands)",2021,"Mid Ulster","Part Time",13,7,19
"Number of Jobs (Thousands)",2021,"Newry, Mourne and Down","All Jobs",44,38,82
"Number of Jobs (Thousands)",2021,"Newry, Mourne and Down","Full Time",26,29,56
"Number of Jobs (Thousands)",2021,"Newry, Mourne and Down","Part Time",18,8,27
"Number of Jobs (Thousands)",2021,"Northern Ireland","All Jobs",549,528,1078
"Number of Jobs (Thousands)",2021,"Northern Ireland","Full Time",319,447,766
"Number of Jobs (Thousands)",2021,"Northern Ireland","Part Time",230,81,312
"Number of Jobs (Thousands)",2022,"Antrim and Newtownabbey","All Jobs",46,34,79
"Number of Jobs (Thousands)",2022,"Antrim and Newtownabbey","Full Time",28,29,57
"Number of Jobs (Thousands)",2022,"Antrim and Newtownabbey","Part Time",18,NA,22
"Number of Jobs (Thousands)",2022,"Ards and North Down","All Jobs",32,25,57
"Number of Jobs (Thousands)",2022,"Ards and North Down","Full Time",14,20,34
"Number of Jobs (Thousands)",2022,"Ards and North Down","Part Time",18,NA,23
"Number of Jobs (Thousands)",2022,"Armagh City, Banbridge and Craigavon","All Jobs",68,56,123
"Number of Jobs (Thousands)",2022,"Armagh City, Banbridge and Craigavon","Full Time",38,48,85
"Number of Jobs (Thousands)",2022,"Armagh City, Banbridge and Craigavon","Part Time",30,8,38
"Number of Jobs (Thousands)",2022,"Belfast","All Jobs",174,185,358
"Number of Jobs (Thousands)",2022,"Belfast","Full Time",114,162,276
"Number of Jobs (Thousands)",2022,"Belfast","Part Time",60,22,83
"Number of Jobs (Thousands)",2022,"Causeway Coast and Glens","All Jobs",34,28,62
"Number of Jobs (Thousands)",2022,"Causeway Coast and Glens","Full Time",19,24,43
"Number of Jobs (Thousands)",2022,"Causeway Coast and Glens","Part Time",15,NA,19
"Number of Jobs (Thousands)",2022,"Derry City and Strabane","All Jobs",43,40,83
"Number of Jobs (Thousands)",2022,"Derry City and Strabane","Full Time",25,32,57
"Number of Jobs (Thousands)",2022,"Derry City and Strabane","Part Time",19,8,26
"Number of Jobs (Thousands)",2022,"Fermanagh and Omagh","All Jobs",33,29,61
"Number of Jobs (Thousands)",2022,"Fermanagh and Omagh","Full Time",17,24,40
"Number of Jobs (Thousands)",2022,"Fermanagh and Omagh","Part Time",16,NA,21
"Number of Jobs (Thousands)",2022,"Lisburn and Castlereagh","All Jobs",45,44,89
"Number of Jobs (Thousands)",2022,"Lisburn and Castlereagh","Full Time",26,36,62
"Number of Jobs (Thousands)",2022,"Lisburn and Castlereagh","Part Time",19,8,27
"Number of Jobs (Thousands)",2022,"Mid and East Antrim","All Jobs",34,28,63
"Number of Jobs (Thousands)",2022,"Mid and East Antrim","Full Time",18,24,42
"Number of Jobs (Thousands)",2022,"Mid and East Antrim","Part Time",16,NA,21
"Number of Jobs (Thousands)",2022,"Mid Ulster","All Jobs",32,52,84
"Number of Jobs (Thousands)",2022,"Mid Ulster","Full Time",18,46,64
"Number of Jobs (Thousands)",2022,"Mid Ulster","Part Time",14,7,20
"Number of Jobs (Thousands)",2022,"Newry, Mourne and Down","All Jobs",45,43,88
"Number of Jobs (Thousands)",2022,"Newry, Mourne and Down","Full Time",25,36,61
"Number of Jobs (Thousands)",2022,"Newry, Mourne and Down","Part Time",20,7,27
"Number of Jobs (Thousands)",2022,"Northern Ireland","All Jobs",594,586,1180
"Number of Jobs (Thousands)",2022,"Northern Ireland","Full Time",348,504,852
"Number of Jobs (Thousands)",2022,"Northern Ireland","Part Time",246,83,328
"Number of Jobs (Thousands)",2023,"Antrim and Newtownabbey","All Jobs",39,34,72
"Number of Jobs (Thousands)",2023,"Antrim and Newtownabbey","Full Time",22,29,51
"Number of Jobs (Thousands)",2023,"Antrim and Newtownabbey","Part Time",17,NA,21
"Number of Jobs (Thousands)",2023,"Ards and North Down","All Jobs",33,23,56
"Number of Jobs (Thousands)",2023,"Ards and North Down","Full Time",17,17,34
"Number of Jobs (Thousands)",2023,"Ards and North Down","Part Time",17,NA,22
"Number of Jobs (Thousands)",2023,"Armagh City, Banbridge and Craigavon","All Jobs",61,53,114
"Number of Jobs (Thousands)",2023,"Armagh City, Banbridge and Craigavon","Full Time",32,45,76
"Number of Jobs (Thousands)",2023,"Armagh City, Banbridge and Craigavon","Part Time",29,9,38
"Number of Jobs (Thousands)",2023,"Belfast","All Jobs",175,175,350
"Number of Jobs (Thousands)",2023,"Belfast","Full Time",117,149,266
"Number of Jobs (Thousands)",2023,"Belfast","Part Time",58,26,84
"Number of Jobs (Thousands)",2023,"Causeway Coast and Glens","All Jobs",33,27,59
"Number of Jobs (Thousands)",2023,"Causeway Coast and Glens","Full Time",20,21,41
"Number of Jobs (Thousands)",2023,"Causeway Coast and Glens","Part Time",13,6,19
"Number of Jobs (Thousands)",2023,"Derry City and Strabane","All Jobs",39,38,77
"Number of Jobs (Thousands)",2023,"Derry City and Strabane","Full Time",21,29,51
"Number of Jobs (Thousands)",2023,"Derry City and Strabane","Part Time",18,9,27
"Number of Jobs (Thousands)",2023,"Fermanagh and Omagh","All Jobs",31,27,58
"Number of Jobs (Thousands)",2023,"Fermanagh and Omagh","Full Time",15,22,37
"Number of Jobs (Thousands)",2023,"Fermanagh and Omagh","Part Time",16,NA,21
"Number of Jobs (Thousands)",2023,"Lisburn and Castlereagh","All Jobs",43,39,81
"Number of Jobs (Thousands)",2023,"Lisburn and Castlereagh","Full Time",23,31,55
"Number of Jobs (Thousands)",2023,"Lisburn and Castlereagh","Part Time",19,7,27
"Number of Jobs (Thousands)",2023,"Mid and East Antrim","All Jobs",31,31,62
"Number of Jobs (Thousands)",2023,"Mid and East Antrim","Full Time",17,25,41
"Number of Jobs (Thousands)",2023,"Mid and East Antrim","Part Time",14,NA,21
"Number of Jobs (Thousands)",2023,"Mid Ulster","All Jobs",33,46,79
"Number of Jobs (Thousands)",2023,"Mid Ulster","Full Time",18,39,57
"Number of Jobs (Thousands)",2023,"Mid Ulster","Part Time",14,7,21
"Number of Jobs (Thousands)",2023,"Newry, Mourne and Down","All Jobs",45,39,84
"Number of Jobs (Thousands)",2023,"Newry, Mourne and Down","Full Time",23,32,55
"Number of Jobs (Thousands)",2023,"Newry, Mourne and Down","Part Time",21,8,29
"Number of Jobs (Thousands)",2023,"Northern Ireland","All Jobs",566,546,1112
"Number of Jobs (Thousands)",2023,"Northern Ireland","Full Time",330,453,784
"Number of Jobs (Thousands)",2023,"Northern Ireland","Part Time",236,93,329
"Number of Jobs (Thousands)",2024,"Antrim and Newtownabbey","All Jobs",38,33,71
"Number of Jobs (Thousands)",2024,"Antrim and Newtownabbey","Full Time",23,28,51
"Number of Jobs (Thousands)",2024,"Antrim and Newtownabbey","Part Time",16,5,20
"Number of Jobs (Thousands)",2024,"Ards and North Down","All Jobs",33,23,57
"Number of Jobs (Thousands)",2024,"Ards and North Down","Full Time",16,17,33
"Number of Jobs (Thousands)",2024,"Ards and North Down","Part Time",18,6,24
"Number of Jobs (Thousands)",2024,"Armagh City, Banbridge and Craigavon","All Jobs",60,48,108
"Number of Jobs (Thousands)",2024,"Armagh City, Banbridge and Craigavon","Full Time",33,39,73
"Number of Jobs (Thousands)",2024,"Armagh City, Banbridge and Craigavon","Part Time",26,9,35
"Number of Jobs (Thousands)",2024,"Belfast","All Jobs",166,162,327
"Number of Jobs (Thousands)",2024,"Belfast","Full Time",114,138,252
"Number of Jobs (Thousands)",2024,"Belfast","Part Time",52,23,75
"Number of Jobs (Thousands)",2024,"Causeway Coast and Glens","All Jobs",30,26,56
"Number of Jobs (Thousands)",2024,"Causeway Coast and Glens","Full Time",16,21,37
"Number of Jobs (Thousands)",2024,"Causeway Coast and Glens","Part Time",14,5,20
"Number of Jobs (Thousands)",2024,"Derry City and Strabane","All Jobs",42,35,77
"Number of Jobs (Thousands)",2024,"Derry City and Strabane","Full Time",23,27,50
"Number of Jobs (Thousands)",2024,"Derry City and Strabane","Part Time",19,8,27
"Number of Jobs (Thousands)",2024,"Fermanagh and Omagh","All Jobs",29,27,55
"Number of Jobs (Thousands)",2024,"Fermanagh and Omagh","Full Time",14,21,35
"Number of Jobs (Thousands)",2024,"Fermanagh and Omagh","Part Time",15,5,20
"Number of Jobs (Thousands)",2024,"Lisburn and Castlereagh","All Jobs",42,35,78
"Number of Jobs (Thousands)",2024,"Lisburn and Castlereagh","Full Time",24,28,52
"Number of Jobs (Thousands)",2024,"Lisburn and Castlereagh","Part Time",18,8,26
"Number of Jobs (Thousands)",2024,"Mid and East Antrim","All Jobs",27,30,57
"Number of Jobs (Thousands)",2024,"Mid and East Antrim","Full Time",15,25,40
"Number of Jobs (Thousands)",2024,"Mid and East Antrim","Part Time",13,NA,18
"Number of Jobs (Thousands)",2024,"Mid Ulster","All Jobs",32,46,77
"Number of Jobs (Thousands)",2024,"Mid Ulster","Full Time",18,40,58
"Number of Jobs (Thousands)",2024,"Mid Ulster","Part Time",13,6,20
"Number of Jobs (Thousands)",2024,"Newry, Mourne and Down","All Jobs",43,36,78
"Number of Jobs (Thousands)",2024,"Newry, Mourne and Down","Full Time",23,27,51
"Number of Jobs (Thousands)",2024,"Newry, Mourne and Down","Part Time",19,8,28
"Number of Jobs (Thousands)",2024,"Northern Ireland","All Jobs",545,515,1060
"Number of Jobs (Thousands)",2024,"Northern Ireland","Full Time",322,426,748
"Number of Jobs (Thousands)",2024,"Northern Ireland","Part Time",223,89,312
"Number of Jobs (Thousands)",2025,"Antrim and Newtownabbey","All Jobs",39,37,76
"Number of Jobs (Thousands)",2025,"Antrim and Newtownabbey","Full Time",23,32,55
"Number of Jobs (Thousands)",2025,"Antrim and Newtownabbey","Part Time",16,NA,21
"Number of Jobs (Thousands)",2025,"Ards and North Down","All Jobs",34,25,60
"Number of Jobs (Thousands)",2025,"Ards and North Down","Full Time",17,18,35
"Number of Jobs (Thousands)",2025,"Ards and North Down","Part Time",17,8,25
"Number of Jobs (Thousands)",2025,"Armagh City, Banbridge and Craigavon","All Jobs",65,54,119
"Number of Jobs (Thousands)",2025,"Armagh City, Banbridge and Craigavon","Full Time",38,45,83
"Number of Jobs (Thousands)",2025,"Armagh City, Banbridge and Craigavon","Part Time",27,9,36
"Number of Jobs (Thousands)",2025,"Belfast","All Jobs",181,173,353
"Number of Jobs (Thousands)",2025,"Belfast","Full Time",119,148,268
"Number of Jobs (Thousands)",2025,"Belfast","Part Time",61,24,86
"Number of Jobs (Thousands)",2025,"Causeway Coast and Glens","All Jobs",33,27,60
"Number of Jobs (Thousands)",2025,"Causeway Coast and Glens","Full Time",16,20,36
"Number of Jobs (Thousands)",2025,"Causeway Coast and Glens","Part Time",17,7,23
"Number of Jobs (Thousands)",2025,"Derry City and Strabane","All Jobs",44,37,80
"Number of Jobs (Thousands)",2025,"Derry City and Strabane","Full Time",25,30,55
"Number of Jobs (Thousands)",2025,"Derry City and Strabane","Part Time",19,6,25
"Number of Jobs (Thousands)",2025,"Fermanagh and Omagh","All Jobs",31,29,60
"Number of Jobs (Thousands)",2025,"Fermanagh and Omagh","Full Time",16,24,40
"Number of Jobs (Thousands)",2025,"Fermanagh and Omagh","Part Time",15,NA,20
"Number of Jobs (Thousands)",2025,"Lisburn and Castlereagh","All Jobs",46,39,85
"Number of Jobs (Thousands)",2025,"Lisburn and Castlereagh","Full Time",26,32,58
"Number of Jobs (Thousands)",2025,"Lisburn and Castlereagh","Part Time",20,7,27
"Number of Jobs (Thousands)",2025,"Mid and East Antrim","All Jobs",30,30,60
"Number of Jobs (Thousands)",2025,"Mid and East Antrim","Full Time",17,26,43
"Number of Jobs (Thousands)",2025,"Mid and East Antrim","Part Time",13,NA,17
"Number of Jobs (Thousands)",2025,"Mid Ulster","All Jobs",34,39,73
"Number of Jobs (Thousands)",2025,"Mid Ulster","Full Time",19,34,52
"Number of Jobs (Thousands)",2025,"Mid Ulster","Part Time",15,NA,20
"Number of Jobs (Thousands)",2025,"Newry, Mourne and Down","All Jobs",47,31,78
"Number of Jobs (Thousands)",2025,"Newry, Mourne and Down","Full Time",22,24,46
"Number of Jobs (Thousands)",2025,"Newry, Mourne and Down","Part Time",24,7,32
"Number of Jobs (Thousands)",2025,"Northern Ireland","All Jobs",587,531,1119
"Number of Jobs (Thousands)",2025,"Northern Ireland","Full Time",343,444,787
"Number of Jobs (Thousands)",2025,"Northern Ireland","Part Time",245,87,332
"Median Hours Worked",2014,"Antrim and Newtownabbey","All Jobs",31.7,38.4,37
"Median Hours Worked",2014,"Antrim and Newtownabbey","Full Time",37.5,40,37.6
"Median Hours Worked",2014,"Antrim and Newtownabbey","Part Time",19.4,NA,18.1
"Median Hours Worked",2014,"Ards and North Down","All Jobs",27.3,37.3,34.9
"Median Hours Worked",2014,"Ards and North Down","Full Time",36.6,39.1,37.5
"Median Hours Worked",2014,"Ards and North Down","Part Time",18,NA,18
"Median Hours Worked",2014,"Armagh City, Banbridge and Craigavon","All Jobs",31.5,39,36.5
"Median Hours Worked",2014,"Armagh City, Banbridge and Craigavon","Full Time",37.5,40,38.6
"Median Hours Worked",2014,"Armagh City, Banbridge and Craigavon","Part Time",19.9,20,20
"Median Hours Worked",2014,"Belfast","All Jobs",34,37.5,37
"Median Hours Worked",2014,"Belfast","Full Time",37,38,37.5
"Median Hours Worked",2014,"Belfast","Part Time",20,16.1,20
"Median Hours Worked",2014,"Causeway Coast and Glens","All Jobs",32.1,38.3,34.9
"Median Hours Worked",2014,"Causeway Coast and Glens","Full Time",37.1,40,38.8
"Median Hours Worked",2014,"Causeway Coast and Glens","Part Time",15.8,NA,16
"Median Hours Worked",2014,"Derry City and Strabane","All Jobs",29.3,37.5,35
"Median Hours Worked",2014,"Derry City and Strabane","Full Time",37.5,39,37.5
"Median Hours Worked",2014,"Derry City and Strabane","Part Time",17.9,17.5,17.9
"Median Hours Worked",2014,"Fermanagh and Omagh","All Jobs",29.8,37.6,34.7
"Median Hours Worked",2014,"Fermanagh and Omagh","Full Time",36,40,38
"Median Hours Worked",2014,"Fermanagh and Omagh","Part Time",18.9,NA,18.8
"Median Hours Worked",2014,"Lisburn and Castlereagh","All Jobs",29.4,38.6,37
"Median Hours Worked",2014,"Lisburn and Castlereagh","Full Time",37.5,40,39
"Median Hours Worked",2014,"Lisburn and Castlereagh","Part Time",17.9,23,18.4
"Median Hours Worked",2014,"Mid and East Antrim","All Jobs",32,38,36.9
"Median Hours Worked",2014,"Mid and East Antrim","Full Time",37.1,39.1,38
"Median Hours Worked",2014,"Mid and East Antrim","Part Time",20.5,20,20
"Median Hours Worked",2014,"Mid Ulster","All Jobs",31.7,40,37.5
"Median Hours Worked",2014,"Mid Ulster","Full Time",37.5,40,40
"Median Hours Worked",2014,"Mid Ulster","Part Time",17.5,15,17
"Median Hours Worked",2014,"Newry, Mourne and Down","All Jobs",30,38.9,36
"Median Hours Worked",2014,"Newry, Mourne and Down","Full Time",37.5,40,39.8
"Median Hours Worked",2014,"Newry, Mourne and Down","Part Time",19.7,20,20
"Median Hours Worked",2014,"Northern Ireland","All Jobs",32.4,38.6,36.9
"Median Hours Worked",2014,"Northern Ireland","Full Time",37.5,40,38.3
"Median Hours Worked",2014,"Northern Ireland","Part Time",19,18.6,19
"Median Hours Worked",2015,"Antrim and Newtownabbey","All Jobs",32.4,39,37.5
"Median Hours Worked",2015,"Antrim and Newtownabbey","Full Time",37.5,40,37.6
"Median Hours Worked",2015,"Antrim and Newtownabbey","Part Time",20,NA,20
"Median Hours Worked",2015,"Ards and North Down","All Jobs",27.7,37,33.6
"Median Hours Worked",2015,"Ards and North Down","Full Time",37.4,38,37.5
"Median Hours Worked",2015,"Ards and North Down","Part Time",19.5,19.2,19.5
"Median Hours Worked",2015,"Armagh City, Banbridge and Craigavon","All Jobs",31.5,39.7,36.8
"Median Hours Worked",2015,"Armagh City, Banbridge and Craigavon","Full Time",37.5,40,38.6
"Median Hours Worked",2015,"Armagh City, Banbridge and Craigavon","Part Time",19.5,15.8,18
"Median Hours Worked",2015,"Belfast","All Jobs",35,37.5,37
"Median Hours Worked",2015,"Belfast","Full Time",37.5,37.9,37.5
"Median Hours Worked",2015,"Belfast","Part Time",20.6,20,20
"Median Hours Worked",2015,"Causeway Coast and Glens","All Jobs",32.4,38,35
"Median Hours Worked",2015,"Causeway Coast and Glens","Full Time",37.5,39.2,37.6
"Median Hours Worked",2015,"Causeway Coast and Glens","Part Time",18.1,NA,18
"Median Hours Worked",2015,"Derry City and Strabane","All Jobs",32.2,37.5,35.1
"Median Hours Worked",2015,"Derry City and Strabane","Full Time",37.5,38.8,37.5
"Median Hours Worked",2015,"Derry City and Strabane","Part Time",19,18.7,18.9
"Median Hours Worked",2015,"Fermanagh and Omagh","All Jobs",30,39.8,35.9
"Median Hours Worked",2015,"Fermanagh and Omagh","Full Time",37.5,40,39.4
"Median Hours Worked",2015,"Fermanagh and Omagh","Part Time",20,NA,20
"Median Hours Worked",2015,"Lisburn and Castlereagh","All Jobs",32.4,38.6,37.4
"Median Hours Worked",2015,"Lisburn and Castlereagh","Full Time",37.5,40,37.9
"Median Hours Worked",2015,"Lisburn and Castlereagh","Part Time",19.4,NA,18.4
"Median Hours Worked",2015,"Mid and East Antrim","All Jobs",32.4,37.6,37
"Median Hours Worked",2015,"Mid and East Antrim","Full Time",37.5,38.7,37.9
"Median Hours Worked",2015,"Mid and East Antrim","Part Time",20.6,NA,19.6
"Median Hours Worked",2015,"Mid Ulster","All Jobs",31.6,40,37.5
"Median Hours Worked",2015,"Mid Ulster","Full Time",37.3,40,40
"Median Hours Worked",2015,"Mid Ulster","Part Time",19.8,NA,19.7
"Median Hours Worked",2015,"Newry, Mourne and Down","All Jobs",30,39,35.9
"Median Hours Worked",2015,"Newry, Mourne and Down","Full Time",37.5,40,39.3
"Median Hours Worked",2015,"Newry, Mourne and Down","Part Time",19.9,18.3,19
"Median Hours Worked",2015,"Northern Ireland","All Jobs",32.4,38.5,37
"Median Hours Worked",2015,"Northern Ireland","Full Time",37.5,40,37.9
"Median Hours Worked",2015,"Northern Ireland","Part Time",20,18.2,19.8
"Median Hours Worked",2016,"Antrim and Newtownabbey","All Jobs",33.8,39,37.5
"Median Hours Worked",2016,"Antrim and Newtownabbey","Full Time",37.5,39.9,37.6
"Median Hours Worked",2016,"Antrim and Newtownabbey","Part Time",21,21.4,21.1
"Median Hours Worked",2016,"Ards and North Down","All Jobs",27.7,36.9,32.4
"Median Hours Worked",2016,"Ards and North Down","Full Time",37.5,39.9,37.5
"Median Hours Worked",2016,"Ards and North Down","Part Time",19.3,16.5,19.3
"Median Hours Worked",2016,"Armagh City, Banbridge and Craigavon","All Jobs",32,40,37.5
"Median Hours Worked",2016,"Armagh City, Banbridge and Craigavon","Full Time",37.5,40,39.3
"Median Hours Worked",2016,"Armagh City, Banbridge and Craigavon","Part Time",20,18,19.8
"Median Hours Worked",2016,"Belfast","All Jobs",35,37.5,37
"Median Hours Worked",2016,"Belfast","Full Time",37.5,37.5,37.5
"Median Hours Worked",2016,"Belfast","Part Time",20,19.8,20
"Median Hours Worked",2016,"Causeway Coast and Glens","All Jobs",30.2,39,33.5
"Median Hours Worked",2016,"Causeway Coast and Glens","Full Time",37.4,40,37.6
"Median Hours Worked",2016,"Causeway Coast and Glens","Part Time",21.4,NA,20.5
"Median Hours Worked",2016,"Derry City and Strabane","All Jobs",31.5,37.5,35
"Median Hours Worked",2016,"Derry City and Strabane","Full Time",37,39.1,37.5
"Median Hours Worked",2016,"Derry City and Strabane","Part Time",18.8,16,18.6
"Median Hours Worked",2016,"Fermanagh and Omagh","All Jobs",30,39.2,35
"Median Hours Worked",2016,"Fermanagh and Omagh","Full Time",36,40,38.9
"Median Hours Worked",2016,"Fermanagh and Omagh","Part Time",18.7,NA,19
"Median Hours Worked",2016,"Lisburn and Castlereagh","All Jobs",32.2,38.7,37.5
"Median Hours Worked",2016,"Lisburn and Castlereagh","Full Time",37.5,40,38.6
"Median Hours Worked",2016,"Lisburn and Castlereagh","Part Time",20,NA,18.9
"Median Hours Worked",2016,"Mid and East Antrim","All Jobs",32.4,38,36.5
"Median Hours Worked",2016,"Mid and East Antrim","Full Time",37.5,38.7,37.9
"Median Hours Worked",2016,"Mid and East Antrim","Part Time",20,16.2,19.5
"Median Hours Worked",2016,"Mid Ulster","All Jobs",32.4,40,37.5
"Median Hours Worked",2016,"Mid Ulster","Full Time",37.5,40,40
"Median Hours Worked",2016,"Mid Ulster","Part Time",19.9,16,18.6
"Median Hours Worked",2016,"Newry, Mourne and Down","All Jobs",31.3,40,37
"Median Hours Worked",2016,"Newry, Mourne and Down","Full Time",37.5,40,40
"Median Hours Worked",2016,"Newry, Mourne and Down","Part Time",19.8,17.8,19.4
"Median Hours Worked",2016,"Northern Ireland","All Jobs",32.4,38.8,37
"Median Hours Worked",2016,"Northern Ireland","Full Time",37.5,40,38
"Median Hours Worked",2016,"Northern Ireland","Part Time",20,18,19.8
"Median Hours Worked",2017,"Antrim and Newtownabbey","All Jobs",35,39.1,37.5
"Median Hours Worked",2017,"Antrim and Newtownabbey","Full Time",37.5,40,38
"Median Hours Worked",2017,"Antrim and Newtownabbey","Part Time",20.5,17.7,20.1
"Median Hours Worked",2017,"Ards and North Down","All Jobs",25.3,37.5,33.3
"Median Hours Worked",2017,"Ards and North Down","Full Time",37.5,39.5,37.5
"Median Hours Worked",2017,"Ards and North Down","Part Time",16.5,19.7,17.1
"Median Hours Worked",2017,"Armagh City, Banbridge and Craigavon","All Jobs",32.2,39.4,37.4
"Median Hours Worked",2017,"Armagh City, Banbridge and Craigavon","Full Time",37.5,40,39
"Median Hours Worked",2017,"Armagh City, Banbridge and Craigavon","Part Time",21.2,15.7,20
"Median Hours Worked",2017,"Belfast","All Jobs",35,37.5,37
"Median Hours Worked",2017,"Belfast","Full Time",37.5,37.5,37.5
"Median Hours Worked",2017,"Belfast","Part Time",20,20,20
"Median Hours Worked",2017,"Causeway Coast and Glens","All Jobs",30.8,39.2,35
"Median Hours Worked",2017,"Causeway Coast and Glens","Full Time",37.4,40,38.3
"Median Hours Worked",2017,"Causeway Coast and Glens","Part Time",19.2,NA,16.7
"Median Hours Worked",2017,"Derry City and Strabane","All Jobs",30.7,37.5,35
"Median Hours Worked",2017,"Derry City and Strabane","Full Time",37.5,39.5,37.5
"Median Hours Worked",2017,"Derry City and Strabane","Part Time",18.5,18.8,18.8
"Median Hours Worked",2017,"Fermanagh and Omagh","All Jobs",30.2,40,36
"Median Hours Worked",2017,"Fermanagh and Omagh","Full Time",37.3,40.9,39.9
"Median Hours Worked",2017,"Fermanagh and Omagh","Part Time",19.5,NA,19.5
"Median Hours Worked",2017,"Lisburn and Castlereagh","All Jobs",32.5,39,37.5
"Median Hours Worked",2017,"Lisburn and Castlereagh","Full Time",37.5,40,38.2
"Median Hours Worked",2017,"Lisburn and Castlereagh","Part Time",19.6,NA,19
"Median Hours Worked",2017,"Mid and East Antrim","All Jobs",31,38,37
"Median Hours Worked",2017,"Mid and East Antrim","Full Time",37.5,39,38
"Median Hours Worked",2017,"Mid and East Antrim","Part Time",20.7,22.1,21
"Median Hours Worked",2017,"Mid Ulster","All Jobs",32.4,40,38
"Median Hours Worked",2017,"Mid Ulster","Full Time",37.5,40,40
"Median Hours Worked",2017,"Mid Ulster","Part Time",20,16.3,20
"Median Hours Worked",2017,"Newry, Mourne and Down","All Jobs",30,40,36.3
"Median Hours Worked",2017,"Newry, Mourne and Down","Full Time",37.5,40,40
"Median Hours Worked",2017,"Newry, Mourne and Down","Part Time",19.3,NA,18
"Median Hours Worked",2017,"Northern Ireland","All Jobs",32.5,39,37
"Median Hours Worked",2017,"Northern Ireland","Full Time",37.5,40,38.1
"Median Hours Worked",2017,"Northern Ireland","Part Time",19.9,18,19.4
"Median Hours Worked",2018,"Antrim and Newtownabbey","All Jobs",34.4,40,37.5
"Median Hours Worked",2018,"Antrim and Newtownabbey","Full Time",37.5,40,38.3
"Median Hours Worked",2018,"Antrim and Newtownabbey","Part Time",19.9,21.2,20
"Median Hours Worked",2018,"Ards and North Down","All Jobs",27.5,36.9,33.7
"Median Hours Worked",2018,"Ards and North Down","Full Time",37,38.5,37.5
"Median Hours Worked",2018,"Ards and North Down","Part Time",18,17.1,17.9
"Median Hours Worked",2018,"Armagh City, Banbridge and Craigavon","All Jobs",32.4,40,37.5
"Median Hours Worked",2018,"Armagh City, Banbridge and Craigavon","Full Time",37.5,40,39.8
"Median Hours Worked",2018,"Armagh City, Banbridge and Craigavon","Part Time",22.3,18.2,20.2
"Median Hours Worked",2018,"Belfast","All Jobs",35,37.5,37
"Median Hours Worked",2018,"Belfast","Full Time",37.5,37.5,37.5
"Median Hours Worked",2018,"Belfast","Part Time",20,18.4,20
"Median Hours Worked",2018,"Causeway Coast and Glens","All Jobs",32.4,39,36.2
"Median Hours Worked",2018,"Causeway Coast and Glens","Full Time",37,40,38.6
"Median Hours Worked",2018,"Causeway Coast and Glens","Part Time",19.3,NA,19.5
"Median Hours Worked",2018,"Derry City and Strabane","All Jobs",29.8,38,34.5
"Median Hours Worked",2018,"Derry City and Strabane","Full Time",37.5,39.8,37.5
"Median Hours Worked",2018,"Derry City and Strabane","Part Time",19.8,19,19.7
"Median Hours Worked",2018,"Fermanagh and Omagh","All Jobs",30,39,34
"Median Hours Worked",2018,"Fermanagh and Omagh","Full Time",35,40,37.5
"Median Hours Worked",2018,"Fermanagh and Omagh","Part Time",20.1,NA,19.7
"Median Hours Worked",2018,"Lisburn and Castlereagh","All Jobs",35.5,39,37.5
"Median Hours Worked",2018,"Lisburn and Castlereagh","Full Time",37.5,39.7,39
"Median Hours Worked",2018,"Lisburn and Castlereagh","Part Time",20,16,18.4
"Median Hours Worked",2018,"Mid and East Antrim","All Jobs",31.4,37.7,37.5
"Median Hours Worked",2018,"Mid and East Antrim","Full Time",37.5,38.3,37.6
"Median Hours Worked",2018,"Mid and East Antrim","Part Time",20,16.5,20
"Median Hours Worked",2018,"Mid Ulster","All Jobs",32.4,40,38
"Median Hours Worked",2018,"Mid Ulster","Full Time",37.5,40,40
"Median Hours Worked",2018,"Mid Ulster","Part Time",20,NA,18.9
"Median Hours Worked",2018,"Newry, Mourne and Down","All Jobs",30.6,40,37
"Median Hours Worked",2018,"Newry, Mourne and Down","Full Time",37.5,40,40
"Median Hours Worked",2018,"Newry, Mourne and Down","Part Time",18.8,NA,18
"Median Hours Worked",2018,"Northern Ireland","All Jobs",32.4,38.7,37
"Median Hours Worked",2018,"Northern Ireland","Full Time",37.5,40,38.2
"Median Hours Worked",2018,"Northern Ireland","Part Time",20,17.8,19.6
"Median Hours Worked",2019,"Antrim and Newtownabbey","All Jobs",32.4,39.1,37.5
"Median Hours Worked",2019,"Antrim and Newtownabbey","Full Time",37.5,40,38
"Median Hours Worked",2019,"Antrim and Newtownabbey","Part Time",18.7,NA,18.7
"Median Hours Worked",2019,"Ards and North Down","All Jobs",28.6,37,35
"Median Hours Worked",2019,"Ards and North Down","Full Time",37.5,39.8,38
"Median Hours Worked",2019,"Ards and North Down","Part Time",18.6,NA,18.5
"Median Hours Worked",2019,"Armagh City, Banbridge and Craigavon","All Jobs",32.4,39.5,37.4
"Median Hours Worked",2019,"Armagh City, Banbridge and Craigavon","Full Time",37.5,40,39.3
"Median Hours Worked",2019,"Armagh City, Banbridge and Craigavon","Part Time",19.5,16,18.6
"Median Hours Worked",2019,"Belfast","All Jobs",35,37.5,37
"Median Hours Worked",2019,"Belfast","Full Time",37.5,37.5,37.5
"Median Hours Worked",2019,"Belfast","Part Time",20.1,20,20
"Median Hours Worked",2019,"Causeway Coast and Glens","All Jobs",32,39,35
"Median Hours Worked",2019,"Causeway Coast and Glens","Full Time",35.2,40,37.5
"Median Hours Worked",2019,"Causeway Coast and Glens","Part Time",20.9,NA,20
"Median Hours Worked",2019,"Derry City and Strabane","All Jobs",30,37.5,35
"Median Hours Worked",2019,"Derry City and Strabane","Full Time",37.5,39,37.5
"Median Hours Worked",2019,"Derry City and Strabane","Part Time",18.2,NA,17.4
"Median Hours Worked",2019,"Fermanagh and Omagh","All Jobs",30,39,35.5
"Median Hours Worked",2019,"Fermanagh and Omagh","Full Time",37,40,38.6
"Median Hours Worked",2019,"Fermanagh and Omagh","Part Time",22,NA,20
"Median Hours Worked",2019,"Lisburn and Castlereagh","All Jobs",32.4,38.7,37.5
"Median Hours Worked",2019,"Lisburn and Castlereagh","Full Time",37.5,39.9,38.7
"Median Hours Worked",2019,"Lisburn and Castlereagh","Part Time",20.2,19.7,20
"Median Hours Worked",2019,"Mid and East Antrim","All Jobs",30,39.1,36.6
"Median Hours Worked",2019,"Mid and East Antrim","Full Time",37.5,40,39
"Median Hours Worked",2019,"Mid and East Antrim","Part Time",20.7,NA,18.8
"Median Hours Worked",2019,"Mid Ulster","All Jobs",32.4,40,38
"Median Hours Worked",2019,"Mid Ulster","Full Time",37.5,40,40
"Median Hours Worked",2019,"Mid Ulster","Part Time",16.6,NA,17
"Median Hours Worked",2019,"Newry, Mourne and Down","All Jobs",30.2,40,37.1
"Median Hours Worked",2019,"Newry, Mourne and Down","Full Time",37.5,40,40
"Median Hours Worked",2019,"Newry, Mourne and Down","Part Time",18.5,NA,18
"Median Hours Worked",2019,"Northern Ireland","All Jobs",32.4,38.7,37
"Median Hours Worked",2019,"Northern Ireland","Full Time",37.5,40,38.3
"Median Hours Worked",2019,"Northern Ireland","Part Time",20,17.5,19.4
"Median Hours Worked",2020,"Antrim and Newtownabbey","All Jobs",32.4,39,37
"Median Hours Worked",2020,"Antrim and Newtownabbey","Full Time",37.5,40,38
"Median Hours Worked",2020,"Antrim and Newtownabbey","Part Time",19.5,NA,18.8
"Median Hours Worked",2020,"Ards and North Down","All Jobs",30.4,37,35
"Median Hours Worked",2020,"Ards and North Down","Full Time",37.3,40,37.9
"Median Hours Worked",2020,"Ards and North Down","Part Time",18.5,21.1,20
"Median Hours Worked",2020,"Armagh City, Banbridge and Craigavon","All Jobs",32.4,39,37.5
"Median Hours Worked",2020,"Armagh City, Banbridge and Craigavon","Full Time",37.5,40,38.9
"Median Hours Worked",2020,"Armagh City, Banbridge and Craigavon","Part Time",21,20,20.7
"Median Hours Worked",2020,"Belfast","All Jobs",35,37.5,37.2
"Median Hours Worked",2020,"Belfast","Full Time",37.5,37.5,37.5
"Median Hours Worked",2020,"Belfast","Part Time",20,21,20
"Median Hours Worked",2020,"Causeway Coast and Glens","All Jobs",31.1,38.9,35.4
"Median Hours Worked",2020,"Causeway Coast and Glens","Full Time",36.5,39.8,37.9
"Median Hours Worked",2020,"Causeway Coast and Glens","Part Time",22.5,NA,22.2
"Median Hours Worked",2020,"Derry City and Strabane","All Jobs",30.4,37.5,35
"Median Hours Worked",2020,"Derry City and Strabane","Full Time",37.5,39,37.5
"Median Hours Worked",2020,"Derry City and Strabane","Part Time",16.1,21.1,18.5
"Median Hours Worked",2020,"Fermanagh and Omagh","All Jobs",30,40,35
"Median Hours Worked",2020,"Fermanagh and Omagh","Full Time",36.2,40,38.2
"Median Hours Worked",2020,"Fermanagh and Omagh","Part Time",22,NA,21
"Median Hours Worked",2020,"Lisburn and Castlereagh","All Jobs",34.6,38,37.5
"Median Hours Worked",2020,"Lisburn and Castlereagh","Full Time",37.5,39.8,37.5
"Median Hours Worked",2020,"Lisburn and Castlereagh","Part Time",19.6,19,19.6
"Median Hours Worked",2020,"Mid and East Antrim","All Jobs",32.1,38.5,36.4
"Median Hours Worked",2020,"Mid and East Antrim","Full Time",37.4,39.9,38.1
"Median Hours Worked",2020,"Mid and East Antrim","Part Time",20,NA,18.4
"Median Hours Worked",2020,"Mid Ulster","All Jobs",32,39.8,37.5
"Median Hours Worked",2020,"Mid Ulster","Full Time",37.5,40,39.9
"Median Hours Worked",2020,"Mid Ulster","Part Time",18.8,NA,18.2
"Median Hours Worked",2020,"Newry, Mourne and Down","All Jobs",32.4,40,37
"Median Hours Worked",2020,"Newry, Mourne and Down","Full Time",37.5,40,39.9
"Median Hours Worked",2020,"Newry, Mourne and Down","Part Time",20,NA,20
"Median Hours Worked",2020,"Northern Ireland","All Jobs",32.4,38.5,37
"Median Hours Worked",2020,"Northern Ireland","Full Time",37.5,39.9,38
"Median Hours Worked",2020,"Northern Ireland","Part Time",20,19.9,20
"Median Hours Worked",2021,"Antrim and Newtownabbey","All Jobs",32.4,39.9,37.5
"Median Hours Worked",2021,"Antrim and Newtownabbey","Full Time",37.5,40,38
"Median Hours Worked",2021,"Antrim and Newtownabbey","Part Time",18.8,NA,18.7
"Median Hours Worked",2021,"Ards and North Down","All Jobs",28.6,37,35
"Median Hours Worked",2021,"Ards and North Down","Full Time",37.5,39.3,37.9
"Median Hours Worked",2021,"Ards and North Down","Part Time",18.6,18.6,18.7
"Median Hours Worked",2021,"Armagh City, Banbridge and Craigavon","All Jobs",32.4,38.8,36.5
"Median Hours Worked",2021,"Armagh City, Banbridge and Craigavon","Full Time",37.5,40,38.8
"Median Hours Worked",2021,"Armagh City, Banbridge and Craigavon","Part Time",20,18.5,19.7
"Median Hours Worked",2021,"Belfast","All Jobs",36,37.5,37
"Median Hours Worked",2021,"Belfast","Full Time",37.5,37.5,37.5
"Median Hours Worked",2021,"Belfast","Part Time",20.2,20.9,20.4
"Median Hours Worked",2021,"Causeway Coast and Glens","All Jobs",30,38.9,35
"Median Hours Worked",2021,"Causeway Coast and Glens","Full Time",37,40,38
"Median Hours Worked",2021,"Causeway Coast and Glens","Part Time",19.2,NA,19.7
"Median Hours Worked",2021,"Derry City and Strabane","All Jobs",32.2,37.5,35
"Median Hours Worked",2021,"Derry City and Strabane","Full Time",37.5,38.6,37.5
"Median Hours Worked",2021,"Derry City and Strabane","Part Time",19.1,18.1,18.8
"Median Hours Worked",2021,"Fermanagh and Omagh","All Jobs",30.4,38.8,35
"Median Hours Worked",2021,"Fermanagh and Omagh","Full Time",37,40,37.5
"Median Hours Worked",2021,"Fermanagh and Omagh","Part Time",21.1,NA,18.2
"Median Hours Worked",2021,"Lisburn and Castlereagh","All Jobs",32.6,38.9,37.5
"Median Hours Worked",2021,"Lisburn and Castlereagh","Full Time",37.5,39.5,37.6
"Median Hours Worked",2021,"Lisburn and Castlereagh","Part Time",20.7,18.7,20
"Median Hours Worked",2021,"Mid and East Antrim","All Jobs",30,37.9,35.8
"Median Hours Worked",2021,"Mid and East Antrim","Full Time",37.1,40,38
"Median Hours Worked",2021,"Mid and East Antrim","Part Time",21,NA,19.4
"Median Hours Worked",2021,"Mid Ulster","All Jobs",32.4,40,38.4
"Median Hours Worked",2021,"Mid Ulster","Full Time",37.5,40,40
"Median Hours Worked",2021,"Mid Ulster","Part Time",19.1,NA,17.3
"Median Hours Worked",2021,"Newry, Mourne and Down","All Jobs",32.5,39,37
"Median Hours Worked",2021,"Newry, Mourne and Down","Full Time",37.5,40,39.7
"Median Hours Worked",2021,"Newry, Mourne and Down","Part Time",20,19.6,20
"Median Hours Worked",2021,"Northern Ireland","All Jobs",32.4,38,37
"Median Hours Worked",2021,"Northern Ireland","Full Time",37.5,39.9,37.8
"Median Hours Worked",2021,"Northern Ireland","Part Time",20,18.5,19.8
"Median Hours Worked",2022,"Antrim and Newtownabbey","All Jobs",35,39,37.5
"Median Hours Worked",2022,"Antrim and Newtownabbey","Full Time",37.5,39.6,38
"Median Hours Worked",2022,"Antrim and Newtownabbey","Part Time",17.7,NA,17.5
"Median Hours Worked",2022,"Ards and North Down","All Jobs",27.9,37,34.5
"Median Hours Worked",2022,"Ards and North Down","Full Time",37.5,38.2,37.5
"Median Hours Worked",2022,"Ards and North Down","Part Time",19.8,21.9,20
"Median Hours Worked",2022,"Armagh City, Banbridge and Craigavon","All Jobs",32,39,36.5
"Median Hours Worked",2022,"Armagh City, Banbridge and Craigavon","Full Time",37.4,39.9,37.5
"Median Hours Worked",2022,"Armagh City, Banbridge and Craigavon","Part Time",21,16.3,20.8
"Median Hours Worked",2022,"Belfast","All Jobs",35.9,37.5,37
"Median Hours Worked",2022,"Belfast","Full Time",37.5,37.5,37.5
"Median Hours Worked",2022,"Belfast","Part Time",20.8,16,20
"Median Hours Worked",2022,"Causeway Coast and Glens","All Jobs",31.6,39.9,35.4
"Median Hours Worked",2022,"Causeway Coast and Glens","Full Time",37,40,38.1
"Median Hours Worked",2022,"Causeway Coast and Glens","Part Time",22.7,NA,21.3
"Median Hours Worked",2022,"Derry City and Strabane","All Jobs",32.4,37.5,36
"Median Hours Worked",2022,"Derry City and Strabane","Full Time",37.5,38.6,37.5
"Median Hours Worked",2022,"Derry City and Strabane","Part Time",19,NA,18.7
"Median Hours Worked",2022,"Fermanagh and Omagh","All Jobs",31.4,39,35.2
"Median Hours Worked",2022,"Fermanagh and Omagh","Full Time",36.4,40,38.6
"Median Hours Worked",2022,"Fermanagh and Omagh","Part Time",19.4,NA,19.1
"Median Hours Worked",2022,"Lisburn and Castlereagh","All Jobs",34.6,38.3,37.5
"Median Hours Worked",2022,"Lisburn and Castlereagh","Full Time",37.5,39.1,37.5
"Median Hours Worked",2022,"Lisburn and Castlereagh","Part Time",19,17.2,18.7
"Median Hours Worked",2022,"Mid and East Antrim","All Jobs",31.6,38.4,36
"Median Hours Worked",2022,"Mid and East Antrim","Full Time",37,40,37.9
"Median Hours Worked",2022,"Mid and East Antrim","Part Time",18.3,NA,18.5
"Median Hours Worked",2022,"Mid Ulster","All Jobs",32.4,40,38
"Median Hours Worked",2022,"Mid Ulster","Full Time",37.5,40,40
"Median Hours Worked",2022,"Mid Ulster","Part Time",19.9,16.4,18.3
"Median Hours Worked",2022,"Newry, Mourne and Down","All Jobs",31.4,39.8,36
"Median Hours Worked",2022,"Newry, Mourne and Down","Full Time",37.5,40,39.2
"Median Hours Worked",2022,"Newry, Mourne and Down","Part Time",19,17.5,18.7
"Median Hours Worked",2022,"Northern Ireland","All Jobs",32.5,38,37
"Median Hours Worked",2022,"Northern Ireland","Full Time",37.5,39.5,37.5
"Median Hours Worked",2022,"Northern Ireland","Part Time",20,17.4,19.5
"Median Hours Worked",2023,"Antrim and Newtownabbey","All Jobs",33.3,39.9,37.5
"Median Hours Worked",2023,"Antrim and Newtownabbey","Full Time",37.5,40,39.5
"Median Hours Worked",2023,"Antrim and Newtownabbey","Part Time",18.2,20.6,19.9
"Median Hours Worked",2023,"Ards and North Down","All Jobs",30.6,36.7,35
"Median Hours Worked",2023,"Ards and North Down","Full Time",37,37.5,37.5
"Median Hours Worked",2023,"Ards and North Down","Part Time",17.3,NA,17.1
"Median Hours Worked",2023,"Armagh City, Banbridge and Craigavon","All Jobs",31.8,38,36.7
"Median Hours Worked",2023,"Armagh City, Banbridge and Craigavon","Full Time",37.5,39.6,37.6
"Median Hours Worked",2023,"Armagh City, Banbridge and Craigavon","Part Time",20.7,14.5,19.4
"Median Hours Worked",2023,"Belfast","All Jobs",36,37.5,37
"Median Hours Worked",2023,"Belfast","Full Time",37.5,37.5,37.5
"Median Hours Worked",2023,"Belfast","Part Time",20,18.5,19.9
"Median Hours Worked",2023,"Causeway Coast and Glens","All Jobs",32.4,37.5,35
"Median Hours Worked",2023,"Causeway Coast and Glens","Full Time",36.8,39.9,37.5
"Median Hours Worked",2023,"Causeway Coast and Glens","Part Time",21,20.2,20.9
"Median Hours Worked",2023,"Derry City and Strabane","All Jobs",32.3,37.5,36.5
"Median Hours Worked",2023,"Derry City and Strabane","Full Time",37.5,39,37.5
"Median Hours Worked",2023,"Derry City and Strabane","Part Time",19.3,NA,18.9
"Median Hours Worked",2023,"Fermanagh and Omagh","All Jobs",30,39,36
"Median Hours Worked",2023,"Fermanagh and Omagh","Full Time",37.5,40,39
"Median Hours Worked",2023,"Fermanagh and Omagh","Part Time",19.5,NA,18.7
"Median Hours Worked",2023,"Lisburn and Castlereagh","All Jobs",32.4,38.7,37.3
"Median Hours Worked",2023,"Lisburn and Castlereagh","Full Time",37.5,40,38.1
"Median Hours Worked",2023,"Lisburn and Castlereagh","Part Time",18.7,17.3,18.4
"Median Hours Worked",2023,"Mid and East Antrim","All Jobs",32.3,38,36.1
"Median Hours Worked",2023,"Mid and East Antrim","Full Time",37.1,39.9,38
"Median Hours Worked",2023,"Mid and East Antrim","Part Time",18,NA,17.6
"Median Hours Worked",2023,"Mid Ulster","All Jobs",32.8,40,37.5
"Median Hours Worked",2023,"Mid Ulster","Full Time",37.6,40,40
"Median Hours Worked",2023,"Mid Ulster","Part Time",20,16.5,19.3
"Median Hours Worked",2023,"Newry, Mourne and Down","All Jobs",31.1,39.9,36
"Median Hours Worked",2023,"Newry, Mourne and Down","Full Time",37.5,40,39.7
"Median Hours Worked",2023,"Newry, Mourne and Down","Part Time",20,16.5,18.4
"Median Hours Worked",2023,"Northern Ireland","All Jobs",33,37.7,37
"Median Hours Worked",2023,"Northern Ireland","Full Time",37.5,39.8,37.5
"Median Hours Worked",2023,"Northern Ireland","Part Time",19.7,17.5,19.1
"Median Hours Worked",2024,"Antrim and Newtownabbey","All Jobs",33,38.5,37.5
"Median Hours Worked",2024,"Antrim and Newtownabbey","Full Time",37.5,39.6,38
"Median Hours Worked",2024,"Antrim and Newtownabbey","Part Time",18.6,NA,18.7
"Median Hours Worked",2024,"Ards and North Down","All Jobs",28.3,36.9,33.4
"Median Hours Worked",2024,"Ards and North Down","Full Time",37,37.5,37.3
"Median Hours Worked",2024,"Ards and North Down","Part Time",17.4,NA,17.5
"Median Hours Worked",2024,"Armagh City, Banbridge and Craigavon","All Jobs",32.4,38,36.7
"Median Hours Worked",2024,"Armagh City, Banbridge and Craigavon","Full Time",37.5,39.9,37.5
"Median Hours Worked",2024,"Armagh City, Banbridge and Craigavon","Part Time",21.3,15.5,19.1
"Median Hours Worked",2024,"Belfast","All Jobs",36.4,37.4,37
"Median Hours Worked",2024,"Belfast","Full Time",37.4,37.5,37.5
"Median Hours Worked",2024,"Belfast","Part Time",20,19.4,20
"Median Hours Worked",2024,"Causeway Coast and Glens","All Jobs",31.9,37.5,35
"Median Hours Worked",2024,"Causeway Coast and Glens","Full Time",37.3,38.9,37.5
"Median Hours Worked",2024,"Causeway Coast and Glens","Part Time",18,NA,18
"Median Hours Worked",2024,"Derry City and Strabane","All Jobs",32.4,37.5,36
"Median Hours Worked",2024,"Derry City and Strabane","Full Time",37.5,39,37.5
"Median Hours Worked",2024,"Derry City and Strabane","Part Time",19.2,NA,18.9
"Median Hours Worked",2024,"Fermanagh and Omagh","All Jobs",30.1,38,36
"Median Hours Worked",2024,"Fermanagh and Omagh","Full Time",37.5,39.9,38
"Median Hours Worked",2024,"Fermanagh and Omagh","Part Time",19.1,NA,18.7
"Median Hours Worked",2024,"Lisburn and Castlereagh","All Jobs",34.7,37.5,37.5
"Median Hours Worked",2024,"Lisburn and Castlereagh","Full Time",37.5,39.3,37.5
"Median Hours Worked",2024,"Lisburn and Castlereagh","Part Time",16.7,NA,17.5
"Median Hours Worked",2024,"Mid and East Antrim","All Jobs",31.8,38,37.3
"Median Hours Worked",2024,"Mid and East Antrim","Full Time",37.5,39.5,38.4
"Median Hours Worked",2024,"Mid and East Antrim","Part Time",18.6,NA,18
"Median Hours Worked",2024,"Mid Ulster","All Jobs",32.4,40,37.8
"Median Hours Worked",2024,"Mid Ulster","Full Time",37.6,40,40
"Median Hours Worked",2024,"Mid Ulster","Part Time",19.7,NA,18.6
"Median Hours Worked",2024,"Newry, Mourne and Down","All Jobs",32,37.5,35.7
"Median Hours Worked",2024,"Newry, Mourne and Down","Full Time",37.5,39.9,38.7
"Median Hours Worked",2024,"Newry, Mourne and Down","Part Time",19.2,16.1,18
"Median Hours Worked",2024,"Northern Ireland","All Jobs",33.1,37.5,37
"Median Hours Worked",2024,"Northern Ireland","Full Time",37.5,39,37.5
"Median Hours Worked",2024,"Northern Ireland","Part Time",19.1,17.9,18.7
"Median Hours Worked",2025,"Antrim and Newtownabbey","All Jobs",32.7,38,37.5
"Median Hours Worked",2025,"Antrim and Newtownabbey","Full Time",37.5,39.6,37.5
"Median Hours Worked",2025,"Antrim and Newtownabbey","Part Time",19,NA,18.4
"Median Hours Worked",2025,"Ards and North Down","All Jobs",30,36.4,34
"Median Hours Worked",2025,"Ards and North Down","Full Time",37,37.4,37.4
"Median Hours Worked",2025,"Ards and North Down","Part Time",18.1,17.6,18
"Median Hours Worked",2025,"Armagh City, Banbridge and Craigavon","All Jobs",32.4,37.6,37.3
"Median Hours Worked",2025,"Armagh City, Banbridge and Craigavon","Full Time",37.5,39,37.6
"Median Hours Worked",2025,"Armagh City, Banbridge and Craigavon","Part Time",20.2,17.6,19.9
"Median Hours Worked",2025,"Belfast","All Jobs",36,37.4,37
"Median Hours Worked",2025,"Belfast","Full Time",37.4,37.5,37.5
"Median Hours Worked",2025,"Belfast","Part Time",19.5,17.9,19
"Median Hours Worked",2025,"Causeway Coast and Glens","All Jobs",30.2,37.5,33.8
"Median Hours Worked",2025,"Causeway Coast and Glens","Full Time",37,38.1,37.5
"Median Hours Worked",2025,"Causeway Coast and Glens","Part Time",19.2,20.8,19.9
"Median Hours Worked",2025,"Derry City and Strabane","All Jobs",32.4,37.5,36
"Median Hours Worked",2025,"Derry City and Strabane","Full Time",37.4,38.3,37.5
"Median Hours Worked",2025,"Derry City and Strabane","Part Time",20.1,NA,19.8
"Median Hours Worked",2025,"Fermanagh and Omagh","All Jobs",30.5,39.4,36
"Median Hours Worked",2025,"Fermanagh and Omagh","Full Time",37,40,37.6
"Median Hours Worked",2025,"Fermanagh and Omagh","Part Time",19.4,NA,18.7
"Median Hours Worked",2025,"Lisburn and Castlereagh","All Jobs",34.4,37.5,37.4
"Median Hours Worked",2025,"Lisburn and Castlereagh","Full Time",37.5,37.9,37.5
"Median Hours Worked",2025,"Lisburn and Castlereagh","Part Time",18,NA,17.3
"Median Hours Worked",2025,"Mid and East Antrim","All Jobs",32.4,38.9,37.4
"Median Hours Worked",2025,"Mid and East Antrim","Full Time",37.5,39.9,38.2
"Median Hours Worked",2025,"Mid and East Antrim","Part Time",19.6,NA,20
"Median Hours Worked",2025,"Mid Ulster","All Jobs",31.7,40,37.5
"Median Hours Worked",2025,"Mid Ulster","Full Time",37.5,40,40
"Median Hours Worked",2025,"Mid Ulster","Part Time",20.4,NA,19.5
"Median Hours Worked",2025,"Newry, Mourne and Down","All Jobs",30,38.6,34.4
"Median Hours Worked",2025,"Newry, Mourne and Down","Full Time",37.5,40,38.6
"Median Hours Worked",2025,"Newry, Mourne and Down","Part Time",20,20.1,20
"Median Hours Worked",2025,"Northern Ireland","All Jobs",32.9,37.5,37
"Median Hours Worked",2025,"Northern Ireland","Full Time",37.5,38.1,37.5
"Median Hours Worked",2025,"Northern Ireland","Part Time",19.6,17.7,19
"Mean Hours Worked",2014,"Antrim and Newtownabbey","All Jobs",28.9,37.2,32.7
"Mean Hours Worked",2014,"Antrim and Newtownabbey","Full Time",37.3,40.9,39.4
"Mean Hours Worked",2014,"Antrim and Newtownabbey","Part Time",18.7,17.4,18.4
"Mean Hours Worked",2014,"Ards and North Down","All Jobs",26.3,34.3,29.8
"Mean Hours Worked",2014,"Ards and North Down","Full Time",37.2,39.5,38.4
"Mean Hours Worked",2014,"Ards and North Down","Part Time",16.2,17.5,16.5
"Mean Hours Worked",2014,"Armagh City, Banbridge and Craigavon","All Jobs",28.7,36.6,32.4
"Mean Hours Worked",2014,"Armagh City, Banbridge and Craigavon","Full Time",37.3,40.4,39.1
"Mean Hours Worked",2014,"Armagh City, Banbridge and Craigavon","Part Time",19.2,17.6,18.8
"Mean Hours Worked",2014,"Belfast","All Jobs",29.9,36.5,33.5
"Mean Hours Worked",2014,"Belfast","Full Time",37.2,39.4,38.6
"Mean Hours Worked",2014,"Belfast","Part Time",19.3,17.1,18.6
"Mean Hours Worked",2014,"Causeway Coast and Glens","All Jobs",28.2,34.9,30.9
"Mean Hours Worked",2014,"Causeway Coast and Glens","Full Time",37.8,41.1,39.4
"Mean Hours Worked",2014,"Causeway Coast and Glens","Part Time",16.5,16.4,16.5
"Mean Hours Worked",2014,"Derry City and Strabane","All Jobs",26.6,34.7,29.8
"Mean Hours Worked",2014,"Derry City and Strabane","Full Time",36.5,39.3,38
"Mean Hours Worked",2014,"Derry City and Strabane","Part Time",17.2,17.3,17.2
"Mean Hours Worked",2014,"Fermanagh and Omagh","All Jobs",28,36,31.6
"Mean Hours Worked",2014,"Fermanagh and Omagh","Full Time",38.6,40.8,39.8
"Mean Hours Worked",2014,"Fermanagh and Omagh","Part Time",17.4,17.9,17.5
"Mean Hours Worked",2014,"Lisburn and Castlereagh","All Jobs",27.4,37,32.5
"Mean Hours Worked",2014,"Lisburn and Castlereagh","Full Time",37.9,41,39.9
"Mean Hours Worked",2014,"Lisburn and Castlereagh","Part Time",17.4,19,17.8
"Mean Hours Worked",2014,"Mid and East Antrim","All Jobs",28.7,37.1,33.4
"Mean Hours Worked",2014,"Mid and East Antrim","Full Time",36.9,40.5,39.3
"Mean Hours Worked",2014,"Mid and East Antrim","Part Time",19.6,20,19.7
"Mean Hours Worked",2014,"Mid Ulster","All Jobs",27.6,36.9,33
"Mean Hours Worked",2014,"Mid Ulster","Full Time",37.3,41.6,40.2
"Mean Hours Worked",2014,"Mid Ulster","Part Time",16.7,16.2,16.6
"Mean Hours Worked",2014,"Newry, Mourne and Down","All Jobs",28.4,37.1,33.1
"Mean Hours Worked",2014,"Newry, Mourne and Down","Full Time",38.2,41.9,40.6
"Mean Hours Worked",2014,"Newry, Mourne and Down","Part Time",18.7,18.9,18.8
"Mean Hours Worked",2014,"Northern Ireland","All Jobs",28.6,36.7,32.7
"Mean Hours Worked",2014,"Northern Ireland","Full Time",37.5,40.6,39.4
"Mean Hours Worked",2014,"Northern Ireland","Part Time",18.1,17.7,18
"Mean Hours Worked",2015,"Antrim and Newtownabbey","All Jobs",29.1,38.3,33.4
"Mean Hours Worked",2015,"Antrim and Newtownabbey","Full Time",37.3,41,39.4
"Mean Hours Worked",2015,"Antrim and Newtownabbey","Part Time",19.1,19.2,19.1
"Mean Hours Worked",2015,"Ards and North Down","All Jobs",26.3,34.4,29.4
"Mean Hours Worked",2015,"Ards and North Down","Full Time",37.2,39.5,38.4
"Mean Hours Worked",2015,"Ards and North Down","Part Time",17.7,19.6,18.1
"Mean Hours Worked",2015,"Armagh City, Banbridge and Craigavon","All Jobs",28.9,37.2,32.7
"Mean Hours Worked",2015,"Armagh City, Banbridge and Craigavon","Full Time",37.1,40.6,39.1
"Mean Hours Worked",2015,"Armagh City, Banbridge and Craigavon","Part Time",19.1,16,18.5
"Mean Hours Worked",2015,"Belfast","All Jobs",30.5,36.6,33.7
"Mean Hours Worked",2015,"Belfast","Full Time",37.7,39.3,38.7
"Mean Hours Worked",2015,"Belfast","Part Time",19.5,19.1,19.4
"Mean Hours Worked",2015,"Causeway Coast and Glens","All Jobs",29,35.6,31.6
"Mean Hours Worked",2015,"Causeway Coast and Glens","Full Time",38,41.6,39.7
"Mean Hours Worked",2015,"Causeway Coast and Glens","Part Time",17.7,15.5,17.2
"Mean Hours Worked",2015,"Derry City and Strabane","All Jobs",28.5,35.1,31.3
"Mean Hours Worked",2015,"Derry City and Strabane","Full Time",36.8,39.6,38.3
"Mean Hours Worked",2015,"Derry City and Strabane","Part Time",18.7,17.7,18.5
"Mean Hours Worked",2015,"Fermanagh and Omagh","All Jobs",28.6,36.4,32.2
"Mean Hours Worked",2015,"Fermanagh and Omagh","Full Time",38.1,41.3,39.9
"Mean Hours Worked",2015,"Fermanagh and Omagh","Part Time",19.3,17.9,19
"Mean Hours Worked",2015,"Lisburn and Castlereagh","All Jobs",29.5,36.4,33.1
"Mean Hours Worked",2015,"Lisburn and Castlereagh","Full Time",37.2,41.5,39.8
"Mean Hours Worked",2015,"Lisburn and Castlereagh","Part Time",18.8,16.2,17.9
"Mean Hours Worked",2015,"Mid and East Antrim","All Jobs",30,37,34.1
"Mean Hours Worked",2015,"Mid and East Antrim","Full Time",37.6,40.4,39.5
"Mean Hours Worked",2015,"Mid and East Antrim","Part Time",19.8,16.1,18.6
"Mean Hours Worked",2015,"Mid Ulster","All Jobs",28.6,37.3,33.8
"Mean Hours Worked",2015,"Mid Ulster","Full Time",37.3,41.6,40.3
"Mean Hours Worked",2015,"Mid Ulster","Part Time",18.1,17.2,17.8
"Mean Hours Worked",2015,"Newry, Mourne and Down","All Jobs",27.7,35.9,32.1
"Mean Hours Worked",2015,"Newry, Mourne and Down","Full Time",36.9,41,39.6
"Mean Hours Worked",2015,"Newry, Mourne and Down","Part Time",19,18.1,18.7
"Mean Hours Worked",2015,"Northern Ireland","All Jobs",29.3,36.9,33.1
"Mean Hours Worked",2015,"Northern Ireland","Full Time",37.5,40.6,39.4
"Mean Hours Worked",2015,"Northern Ireland","Part Time",18.9,17.7,18.6
"Mean Hours Worked",2016,"Antrim and Newtownabbey","All Jobs",30.5,37.6,33.9
"Mean Hours Worked",2016,"Antrim and Newtownabbey","Full Time",36.9,41,39.2
"Mean Hours Worked",2016,"Antrim and Newtownabbey","Part Time",20,21.1,20.3
"Mean Hours Worked",2016,"Ards and North Down","All Jobs",26.5,34,29.5
"Mean Hours Worked",2016,"Ards and North Down","Full Time",37.6,40.7,39.2
"Mean Hours Worked",2016,"Ards and North Down","Part Time",17.9,17.8,17.9
"Mean Hours Worked",2016,"Armagh City, Banbridge and Craigavon","All Jobs",29.8,37.9,33.8
"Mean Hours Worked",2016,"Armagh City, Banbridge and Craigavon","Full Time",37.7,41,39.7
"Mean Hours Worked",2016,"Armagh City, Banbridge and Craigavon","Part Time",20.1,19.3,19.9
"Mean Hours Worked",2016,"Belfast","All Jobs",30.5,36.4,33.5
"Mean Hours Worked",2016,"Belfast","Full Time",37.8,39.2,38.6
"Mean Hours Worked",2016,"Belfast","Part Time",19.2,18.7,19
"Mean Hours Worked",2016,"Causeway Coast and Glens","All Jobs",28.1,36.3,31.3
"Mean Hours Worked",2016,"Causeway Coast and Glens","Full Time",36.7,41.5,39
"Mean Hours Worked",2016,"Causeway Coast and Glens","Part Time",19.5,18.5,19.3
"Mean Hours Worked",2016,"Derry City and Strabane","All Jobs",28.2,34.2,30.9
"Mean Hours Worked",2016,"Derry City and Strabane","Full Time",36,39.5,37.9
"Mean Hours Worked",2016,"Derry City and Strabane","Part Time",18.7,17.4,18.3
"Mean Hours Worked",2016,"Fermanagh and Omagh","All Jobs",27.1,36.4,31.4
"Mean Hours Worked",2016,"Fermanagh and Omagh","Full Time",37.2,41,39.4
"Mean Hours Worked",2016,"Fermanagh and Omagh","Part Time",17.3,19.3,17.8
"Mean Hours Worked",2016,"Lisburn and Castlereagh","All Jobs",28.7,37.2,32.8
"Mean Hours Worked",2016,"Lisburn and Castlereagh","Full Time",38.2,41.6,40.2
"Mean Hours Worked",2016,"Lisburn and Castlereagh","Part Time",18.3,16,17.7
"Mean Hours Worked",2016,"Mid and East Antrim","All Jobs",28.8,36.4,33
"Mean Hours Worked",2016,"Mid and East Antrim","Full Time",37.2,40.4,39.3
"Mean Hours Worked",2016,"Mid and East Antrim","Part Time",18.8,17.1,18.3
"Mean Hours Worked",2016,"Mid Ulster","All Jobs",28.8,38.5,34.6
"Mean Hours Worked",2016,"Mid Ulster","Full Time",37.6,41.7,40.5
"Mean Hours Worked",2016,"Mid Ulster","Part Time",18.7,17.4,18.3
"Mean Hours Worked",2016,"Newry, Mourne and Down","All Jobs",28.7,37.1,33
"Mean Hours Worked",2016,"Newry, Mourne and Down","Full Time",37.8,41.8,40.3
"Mean Hours Worked",2016,"Newry, Mourne and Down","Part Time",18.8,17.3,18.4
"Mean Hours Worked",2016,"Northern Ireland","All Jobs",29.3,37,33.2
"Mean Hours Worked",2016,"Northern Ireland","Full Time",37.5,40.7,39.5
"Mean Hours Worked",2016,"Northern Ireland","Part Time",18.9,18.2,18.7
"Mean Hours Worked",2017,"Antrim and Newtownabbey","All Jobs",31,37.6,34.1
"Mean Hours Worked",2017,"Antrim and Newtownabbey","Full Time",37.8,40.6,39.3
"Mean Hours Worked",2017,"Antrim and Newtownabbey","Part Time",19.7,18.6,19.4
"Mean Hours Worked",2017,"Ards and North Down","All Jobs",26.2,34.9,29.8
"Mean Hours Worked",2017,"Ards and North Down","Full Time",38.3,40.5,39.5
"Mean Hours Worked",2017,"Ards and North Down","Part Time",16.4,17.9,16.7
"Mean Hours Worked",2017,"Armagh City, Banbridge and Craigavon","All Jobs",31.6,38.1,34.9
"Mean Hours Worked",2017,"Armagh City, Banbridge and Craigavon","Full Time",41.3,41.6,41.5
"Mean Hours Worked",2017,"Armagh City, Banbridge and Craigavon","Part Time",20.6,16.4,19.6
"Mean Hours Worked",2017,"Belfast","All Jobs",30.5,36.8,33.8
"Mean Hours Worked",2017,"Belfast","Full Time",37.7,39.3,38.6
"Mean Hours Worked",2017,"Belfast","Part Time",19,19.7,19.2
"Mean Hours Worked",2017,"Causeway Coast and Glens","All Jobs",27.8,37.6,32.1
"Mean Hours Worked",2017,"Causeway Coast and Glens","Full Time",37.1,41.9,39.8
"Mean Hours Worked",2017,"Causeway Coast and Glens","Part Time",18.1,14.1,17.3
"Mean Hours Worked",2017,"Derry City and Strabane","All Jobs",27.7,35.1,30.9
"Mean Hours Worked",2017,"Derry City and Strabane","Full Time",36.8,40.2,38.6
"Mean Hours Worked",2017,"Derry City and Strabane","Part Time",17.5,18.5,17.8
"Mean Hours Worked",2017,"Fermanagh and Omagh","All Jobs",28,38.8,33
"Mean Hours Worked",2017,"Fermanagh and Omagh","Full Time",37,42.9,40.4
"Mean Hours Worked",2017,"Fermanagh and Omagh","Part Time",18.4,18.5,18.4
"Mean Hours Worked",2017,"Lisburn and Castlereagh","All Jobs",29.5,37.4,33.5
"Mean Hours Worked",2017,"Lisburn and Castlereagh","Full Time",37.2,41.2,39.6
"Mean Hours Worked",2017,"Lisburn and Castlereagh","Part Time",19,17,18.5
"Mean Hours Worked",2017,"Mid and East Antrim","All Jobs",28.8,37.9,33.8
"Mean Hours Worked",2017,"Mid and East Antrim","Full Time",37.7,41.2,40
"Mean Hours Worked",2017,"Mid and East Antrim","Part Time",18.9,20.8,19.5
"Mean Hours Worked",2017,"Mid Ulster","All Jobs",29.6,38.2,34.9
"Mean Hours Worked",2017,"Mid Ulster","Full Time",37.8,41.5,40.4
"Mean Hours Worked",2017,"Mid Ulster","Part Time",20,17.7,19.2
"Mean Hours Worked",2017,"Newry, Mourne and Down","All Jobs",27.8,36.8,32.4
"Mean Hours Worked",2017,"Newry, Mourne and Down","Full Time",37.8,41.6,40.2
"Mean Hours Worked",2017,"Newry, Mourne and Down","Part Time",18.4,15,17.5
"Mean Hours Worked",2017,"Northern Ireland","All Jobs",29.5,37.5,33.5
"Mean Hours Worked",2017,"Northern Ireland","Full Time",38,40.9,39.8
"Mean Hours Worked",2017,"Northern Ireland","Part Time",18.8,18,18.6
"Mean Hours Worked",2018,"Antrim and Newtownabbey","All Jobs",30.5,39.1,34.8
"Mean Hours Worked",2018,"Antrim and Newtownabbey","Full Time",37.2,41.7,39.8
"Mean Hours Worked",2018,"Antrim and Newtownabbey","Part Time",19.1,20.6,19.5
"Mean Hours Worked",2018,"Ards and North Down","All Jobs",27.3,34.6,30.2
"Mean Hours Worked",2018,"Ards and North Down","Full Time",38.1,39.7,39
"Mean Hours Worked",2018,"Ards and North Down","Part Time",17.9,17.8,17.8
"Mean Hours Worked",2018,"Armagh City, Banbridge and Craigavon","All Jobs",30.2,38.7,34.5
"Mean Hours Worked",2018,"Armagh City, Banbridge and Craigavon","Full Time",37.5,42,40.3
"Mean Hours Worked",2018,"Armagh City, Banbridge and Craigavon","Part Time",20.9,18.4,20.3
"Mean Hours Worked",2018,"Belfast","All Jobs",30.9,35.7,33.4
"Mean Hours Worked",2018,"Belfast","Full Time",37.7,38.9,38.4
"Mean Hours Worked",2018,"Belfast","Part Time",19.2,17.3,18.6
"Mean Hours Worked",2018,"Causeway Coast and Glens","All Jobs",29.3,38.1,33.5
"Mean Hours Worked",2018,"Causeway Coast and Glens","Full Time",36.9,42.2,39.9
"Mean Hours Worked",2018,"Causeway Coast and Glens","Part Time",19.3,18.7,19.2
"Mean Hours Worked",2018,"Derry City and Strabane","All Jobs",28.1,35.5,31.2
"Mean Hours Worked",2018,"Derry City and Strabane","Full Time",36.5,39.8,38.2
"Mean Hours Worked",2018,"Derry City and Strabane","Part Time",18.4,19.2,18.6
"Mean Hours Worked",2018,"Fermanagh and Omagh","All Jobs",27.4,37,31.7
"Mean Hours Worked",2018,"Fermanagh and Omagh","Full Time",35.9,42.2,39.5
"Mean Hours Worked",2018,"Fermanagh and Omagh","Part Time",19,17.4,18.6
"Mean Hours Worked",2018,"Lisburn and Castlereagh","All Jobs",30,37.4,33.6
"Mean Hours Worked",2018,"Lisburn and Castlereagh","Full Time",37.9,41.4,39.9
"Mean Hours Worked",2018,"Lisburn and Castlereagh","Part Time",19,16.9,18.4
"Mean Hours Worked",2018,"Mid and East Antrim","All Jobs",28.9,37.4,33.4
"Mean Hours Worked",2018,"Mid and East Antrim","Full Time",37.4,40.8,39.6
"Mean Hours Worked",2018,"Mid and East Antrim","Part Time",18.9,19.5,19.1
"Mean Hours Worked",2018,"Mid Ulster","All Jobs",29.7,38.9,35.3
"Mean Hours Worked",2018,"Mid Ulster","Full Time",37.7,42.3,41
"Mean Hours Worked",2018,"Mid Ulster","Part Time",19.6,17,18.8
"Mean Hours Worked",2018,"Newry, Mourne and Down","All Jobs",28.5,37.3,32.9
"Mean Hours Worked",2018,"Newry, Mourne and Down","Full Time",38.3,41.8,40.4
"Mean Hours Worked",2018,"Newry, Mourne and Down","Part Time",18.3,16.9,17.9
"Mean Hours Worked",2018,"Northern Ireland","All Jobs",29.7,37.3,33.6
"Mean Hours Worked",2018,"Northern Ireland","Full Time",37.6,40.9,39.6
"Mean Hours Worked",2018,"Northern Ireland","Part Time",19.1,17.9,18.8
"Mean Hours Worked",2019,"Antrim and Newtownabbey","All Jobs",29.3,37.3,33.1
"Mean Hours Worked",2019,"Antrim and Newtownabbey","Full Time",37.4,40.5,39.2
"Mean Hours Worked",2019,"Antrim and Newtownabbey","Part Time",18.1,18,18.1
"Mean Hours Worked",2019,"Ards and North Down","All Jobs",28,34.2,30.5
"Mean Hours Worked",2019,"Ards and North Down","Full Time",38,40.2,39.1
"Mean Hours Worked",2019,"Ards and North Down","Part Time",18.4,16.5,17.9
"Mean Hours Worked",2019,"Armagh City, Banbridge and Craigavon","All Jobs",29.6,37.7,33.3
"Mean Hours Worked",2019,"Armagh City, Banbridge and Craigavon","Full Time",37.9,41.8,40.1
"Mean Hours Worked",2019,"Armagh City, Banbridge and Craigavon","Part Time",19.4,17.8,19
"Mean Hours Worked",2019,"Belfast","All Jobs",30.8,36.5,33.7
"Mean Hours Worked",2019,"Belfast","Full Time",38,39.1,38.7
"Mean Hours Worked",2019,"Belfast","Part Time",19.5,18.6,19.3
"Mean Hours Worked",2019,"Causeway Coast and Glens","All Jobs",29.3,37.2,33
"Mean Hours Worked",2019,"Causeway Coast and Glens","Full Time",37,41.8,39.7
"Mean Hours Worked",2019,"Causeway Coast and Glens","Part Time",20.4,15.3,19.1
"Mean Hours Worked",2019,"Derry City and Strabane","All Jobs",27.2,34.1,30.3
"Mean Hours Worked",2019,"Derry City and Strabane","Full Time",37,39.6,38.4
"Mean Hours Worked",2019,"Derry City and Strabane","Part Time",17.1,16.6,16.9
"Mean Hours Worked",2019,"Fermanagh and Omagh","All Jobs",28.6,37.3,32.7
"Mean Hours Worked",2019,"Fermanagh and Omagh","Full Time",37,41.8,39.9
"Mean Hours Worked",2019,"Fermanagh and Omagh","Part Time",20.7,15.7,19.5
"Mean Hours Worked",2019,"Lisburn and Castlereagh","All Jobs",29.4,38.2,33.8
"Mean Hours Worked",2019,"Lisburn and Castlereagh","Full Time",38.6,41.7,40.4
"Mean Hours Worked",2019,"Lisburn and Castlereagh","Part Time",18.6,18.5,18.6
"Mean Hours Worked",2019,"Mid and East Antrim","All Jobs",28.5,36.7,32.6
"Mean Hours Worked",2019,"Mid and East Antrim","Full Time",37.4,41.2,39.7
"Mean Hours Worked",2019,"Mid and East Antrim","Part Time",19.5,15.5,18.5
"Mean Hours Worked",2019,"Mid Ulster","All Jobs",29,40,35.8
"Mean Hours Worked",2019,"Mid Ulster","Full Time",37.7,43.7,41.9
"Mean Hours Worked",2019,"Mid Ulster","Part Time",17.4,18.5,17.8
"Mean Hours Worked",2019,"Newry, Mourne and Down","All Jobs",29.3,38.2,33.4
"Mean Hours Worked",2019,"Newry, Mourne and Down","Full Time",39.1,42,40.8
"Mean Hours Worked",2019,"Newry, Mourne and Down","Part Time",18.8,16.8,18.4
"Mean Hours Worked",2019,"Northern Ireland","All Jobs",29.5,37.3,33.4
"Mean Hours Worked",2019,"Northern Ireland","Full Time",37.9,41,39.8
"Mean Hours Worked",2019,"Northern Ireland","Part Time",19,17.4,18.6
"Mean Hours Worked",2020,"Antrim and Newtownabbey","All Jobs",29,36.7,32.5
"Mean Hours Worked",2020,"Antrim and Newtownabbey","Full Time",37.1,40.9,39.3
"Mean Hours Worked",2020,"Antrim and Newtownabbey","Part Time",19.3,15.4,18.4
"Mean Hours Worked",2020,"Ards and North Down","All Jobs",28.7,35.5,31.8
"Mean Hours Worked",2020,"Ards and North Down","Full Time",37.8,40.8,39.4
"Mean Hours Worked",2020,"Ards and North Down","Part Time",19,20.4,19.4
"Mean Hours Worked",2020,"Armagh City, Banbridge and Craigavon","All Jobs",30.1,36.8,33.4
"Mean Hours Worked",2020,"Armagh City, Banbridge and Craigavon","Full Time",37.7,40,39.1
"Mean Hours Worked",2020,"Armagh City, Banbridge and Craigavon","Part Time",20.4,19,20
"Mean Hours Worked",2020,"Belfast","All Jobs",31.1,36.5,33.7
"Mean Hours Worked",2020,"Belfast","Full Time",37.7,39,38.4
"Mean Hours Worked",2020,"Belfast","Part Time",19.5,19.7,19.5
"Mean Hours Worked",2020,"Causeway Coast and Glens","All Jobs",29.6,37.3,33
"Mean Hours Worked",2020,"Causeway Coast and Glens","Full Time",37.1,39.8,38.6
"Mean Hours Worked",2020,"Causeway Coast and Glens","Part Time",21.2,21.1,21.1
"Mean Hours Worked",2020,"Derry City and Strabane","All Jobs",27,34.4,30.5
"Mean Hours Worked",2020,"Derry City and Strabane","Full Time",36.4,39.6,38.2
"Mean Hours Worked",2020,"Derry City and Strabane","Part Time",16.8,19.9,17.8
"Mean Hours Worked",2020,"Fermanagh and Omagh","All Jobs",28.3,36.6,32.1
"Mean Hours Worked",2020,"Fermanagh and Omagh","Full Time",36.1,40.8,38.9
"Mean Hours Worked",2020,"Fermanagh and Omagh","Part Time",21.1,15.9,20
"Mean Hours Worked",2020,"Lisburn and Castlereagh","All Jobs",29.4,36.6,32.8
"Mean Hours Worked",2020,"Lisburn and Castlereagh","Full Time",38.2,40.5,39.5
"Mean Hours Worked",2020,"Lisburn and Castlereagh","Part Time",18.3,19.9,18.7
"Mean Hours Worked",2020,"Mid and East Antrim","All Jobs",29.4,36.5,33
"Mean Hours Worked",2020,"Mid and East Antrim","Full Time",37.3,41,39.5
"Mean Hours Worked",2020,"Mid and East Antrim","Part Time",19.3,13.9,17.7
"Mean Hours Worked",2020,"Mid Ulster","All Jobs",29.1,36.2,33.4
"Mean Hours Worked",2020,"Mid Ulster","Full Time",37.6,40.4,39.6
"Mean Hours Worked",2020,"Mid Ulster","Part Time",18.3,17.5,18
"Mean Hours Worked",2020,"Newry, Mourne and Down","All Jobs",30.4,36.6,33.3
"Mean Hours Worked",2020,"Newry, Mourne and Down","Full Time",38.2,40.8,39.7
"Mean Hours Worked",2020,"Newry, Mourne and Down","Part Time",19.8,17.7,19.2
"Mean Hours Worked",2020,"Northern Ireland","All Jobs",29.8,36.6,33.2
"Mean Hours Worked",2020,"Northern Ireland","Full Time",37.6,40.1,39.1
"Mean Hours Worked",2020,"Northern Ireland","Part Time",19.4,18.6,19.2
"Mean Hours Worked",2021,"Antrim and Newtownabbey","All Jobs",29.2,37.4,33
"Mean Hours Worked",2021,"Antrim and Newtownabbey","Full Time",36.8,40.8,39.1
"Mean Hours Worked",2021,"Antrim and Newtownabbey","Part Time",18.9,17.8,18.7
"Mean Hours Worked",2021,"Ards and North Down","All Jobs",27.7,35.4,31
"Mean Hours Worked",2021,"Ards and North Down","Full Time",38,40.1,39.2
"Mean Hours Worked",2021,"Ards and North Down","Part Time",18.9,17.8,18.6
"Mean Hours Worked",2021,"Armagh City, Banbridge and Craigavon","All Jobs",29.7,36.1,32.7
"Mean Hours Worked",2021,"Armagh City, Banbridge and Craigavon","Full Time",37.8,40.3,39.2
"Mean Hours Worked",2021,"Armagh City, Banbridge and Craigavon","Part Time",19.6,18.3,19.3
"Mean Hours Worked",2021,"Belfast","All Jobs",31.7,36.5,34.1
"Mean Hours Worked",2021,"Belfast","Full Time",37.7,38.8,38.4
"Mean Hours Worked",2021,"Belfast","Part Time",19.8,18.7,19.5
"Mean Hours Worked",2021,"Causeway Coast and Glens","All Jobs",27.3,36.9,31.5
"Mean Hours Worked",2021,"Causeway Coast and Glens","Full Time",36.6,40.5,38.8
"Mean Hours Worked",2021,"Causeway Coast and Glens","Part Time",18,18.6,18.1
"Mean Hours Worked",2021,"Derry City and Strabane","All Jobs",28.2,34.7,31.2
"Mean Hours Worked",2021,"Derry City and Strabane","Full Time",36.4,38.8,37.7
"Mean Hours Worked",2021,"Derry City and Strabane","Part Time",18.2,18.6,18.3
"Mean Hours Worked",2021,"Fermanagh and Omagh","All Jobs",27.9,36,31.5
"Mean Hours Worked",2021,"Fermanagh and Omagh","Full Time",37.3,41.3,39.6
"Mean Hours Worked",2021,"Fermanagh and Omagh","Part Time",18.4,14.7,17.4
"Mean Hours Worked",2021,"Lisburn and Castlereagh","All Jobs",29.7,37.8,33.7
"Mean Hours Worked",2021,"Lisburn and Castlereagh","Full Time",37.5,40.7,39.4
"Mean Hours Worked",2021,"Lisburn and Castlereagh","Part Time",19.3,17.9,19
"Mean Hours Worked",2021,"Mid and East Antrim","All Jobs",28.1,36.3,31.9
"Mean Hours Worked",2021,"Mid and East Antrim","Full Time",37.1,41.4,39.6
"Mean Hours Worked",2021,"Mid and East Antrim","Part Time",19.5,15.5,18.5
"Mean Hours Worked",2021,"Mid Ulster","All Jobs",29.6,38.3,34.9
"Mean Hours Worked",2021,"Mid Ulster","Full Time",37.3,42,40.6
"Mean Hours Worked",2021,"Mid Ulster","Part Time",18.7,14.8,17.4
"Mean Hours Worked",2021,"Newry, Mourne and Down","All Jobs",30.2,35.9,32.8
"Mean Hours Worked",2021,"Newry, Mourne and Down","Full Time",37.7,40.7,39.3
"Mean Hours Worked",2021,"Newry, Mourne and Down","Part Time",19.5,18.8,19.3
"Mean Hours Worked",2021,"Northern Ireland","All Jobs",29.8,36.8,33.2
"Mean Hours Worked",2021,"Northern Ireland","Full Time",37.5,40.2,39.1
"Mean Hours Worked",2021,"Northern Ireland","Part Time",19.2,17.7,18.8
"Mean Hours Worked",2022,"Antrim and Newtownabbey","All Jobs",30.1,37.5,33.2
"Mean Hours Worked",2022,"Antrim and Newtownabbey","Full Time",37.8,40.6,39.2
"Mean Hours Worked",2022,"Antrim and Newtownabbey","Part Time",18.1,16.8,17.9
"Mean Hours Worked",2022,"Ards and North Down","All Jobs",27,35.1,30.6
"Mean Hours Worked",2022,"Ards and North Down","Full Time",37.8,39.4,38.7
"Mean Hours Worked",2022,"Ards and North Down","Part Time",18.5,18.8,18.6
"Mean Hours Worked",2022,"Armagh City, Banbridge and Craigavon","All Jobs",29.2,37.6,33
"Mean Hours Worked",2022,"Armagh City, Banbridge and Craigavon","Full Time",37,41,39.2
"Mean Hours Worked",2022,"Armagh City, Banbridge and Craigavon","Part Time",19.5,17.4,19.1
"Mean Hours Worked",2022,"Belfast","All Jobs",31.5,36.4,34
"Mean Hours Worked",2022,"Belfast","Full Time",37.9,39.1,38.6
"Mean Hours Worked",2022,"Belfast","Part Time",19.5,16.4,18.7
"Mean Hours Worked",2022,"Causeway Coast and Glens","All Jobs",29.4,38,33.3
"Mean Hours Worked",2022,"Causeway Coast and Glens","Full Time",36.6,41.2,39.2
"Mean Hours Worked",2022,"Causeway Coast and Glens","Part Time",20.7,17.6,20.1
"Mean Hours Worked",2022,"Derry City and Strabane","All Jobs",28.4,34.8,31.5
"Mean Hours Worked",2022,"Derry City and Strabane","Full Time",36.6,39.1,38
"Mean Hours Worked",2022,"Derry City and Strabane","Part Time",17.9,16.4,17.4
"Mean Hours Worked",2022,"Fermanagh and Omagh","All Jobs",28.5,36.3,32.1
"Mean Hours Worked",2022,"Fermanagh and Omagh","Full Time",36.6,40.6,39
"Mean Hours Worked",2022,"Fermanagh and Omagh","Part Time",19.7,16.2,18.9
"Mean Hours Worked",2022,"Lisburn and Castlereagh","All Jobs",29.3,36.1,32.6
"Mean Hours Worked",2022,"Lisburn and Castlereagh","Full Time",37.6,40.1,39
"Mean Hours Worked",2022,"Lisburn and Castlereagh","Part Time",17.6,18.1,17.7
"Mean Hours Worked",2022,"Mid and East Antrim","All Jobs",28.3,37.2,32.3
"Mean Hours Worked",2022,"Mid and East Antrim","Full Time",37.4,41.1,39.5
"Mean Hours Worked",2022,"Mid and East Antrim","Part Time",17.9,19,18.2
"Mean Hours Worked",2022,"Mid Ulster","All Jobs",29.9,38.6,35.3
"Mean Hours Worked",2022,"Mid Ulster","Full Time",38,41.8,40.7
"Mean Hours Worked",2022,"Mid Ulster","Part Time",18.9,16.2,18
"Mean Hours Worked",2022,"Newry, Mourne and Down","All Jobs",28.9,36.9,32.8
"Mean Hours Worked",2022,"Newry, Mourne and Down","Full Time",37.3,40.5,39.2
"Mean Hours Worked",2022,"Newry, Mourne and Down","Part Time",18.5,18.5,18.5
"Mean Hours Worked",2022,"Northern Ireland","All Jobs",29.8,37.1,33.4
"Mean Hours Worked",2022,"Northern Ireland","Full Time",37.5,40.3,39.2
"Mean Hours Worked",2022,"Northern Ireland","Part Time",18.9,17.2,18.5
"Mean Hours Worked",2023,"Antrim and Newtownabbey","All Jobs",29.5,38.9,33.9
"Mean Hours Worked",2023,"Antrim and Newtownabbey","Full Time",38.2,41.4,40
"Mean Hours Worked",2023,"Antrim and Newtownabbey","Part Time",18,22.1,18.9
"Mean Hours Worked",2023,"Ards and North Down","All Jobs",27.3,33.9,29.9
"Mean Hours Worked",2023,"Ards and North Down","Full Time",37.4,39,38.2
"Mean Hours Worked",2023,"Ards and North Down","Part Time",17.3,16.6,17.2
"Mean Hours Worked",2023,"Armagh City, Banbridge and Craigavon","All Jobs",28.9,35.9,32.1
"Mean Hours Worked",2023,"Armagh City, Banbridge and Craigavon","Full Time",37.3,39.8,38.8
"Mean Hours Worked",2023,"Armagh City, Banbridge and Craigavon","Part Time",19.7,15.2,18.7
"Mean Hours Worked",2023,"Belfast","All Jobs",31.6,35.8,33.7
"Mean Hours Worked",2023,"Belfast","Full Time",37.8,38.9,38.4
"Mean Hours Worked",2023,"Belfast","Part Time",19.1,17.7,18.7
"Mean Hours Worked",2023,"Causeway Coast and Glens","All Jobs",30.2,35.1,32.4
"Mean Hours Worked",2023,"Causeway Coast and Glens","Full Time",36.5,39.8,38.2
"Mean Hours Worked",2023,"Causeway Coast and Glens","Part Time",20.4,18.3,19.7
"Mean Hours Worked",2023,"Derry City and Strabane","All Jobs",28.1,34.5,31.2
"Mean Hours Worked",2023,"Derry City and Strabane","Full Time",36.7,39.8,38.5
"Mean Hours Worked",2023,"Derry City and Strabane","Part Time",17.7,16.8,17.4
"Mean Hours Worked",2023,"Fermanagh and Omagh","All Jobs",28.4,35,31.5
"Mean Hours Worked",2023,"Fermanagh and Omagh","Full Time",37.5,39.9,38.9
"Mean Hours Worked",2023,"Fermanagh and Omagh","Part Time",19.4,15.6,18.4
"Mean Hours Worked",2023,"Lisburn and Castlereagh","All Jobs",29,36.1,32.4
"Mean Hours Worked",2023,"Lisburn and Castlereagh","Full Time",38.2,40.4,39.5
"Mean Hours Worked",2023,"Lisburn and Castlereagh","Part Time",17.8,17.5,17.7
"Mean Hours Worked",2023,"Mid and East Antrim","All Jobs",28.6,35.9,32.2
"Mean Hours Worked",2023,"Mid and East Antrim","Full Time",37.5,41.1,39.6
"Mean Hours Worked",2023,"Mid and East Antrim","Part Time",18.1,15.5,17.3
"Mean Hours Worked",2023,"Mid Ulster","All Jobs",30.3,37.7,34.6
"Mean Hours Worked",2023,"Mid Ulster","Full Time",38.7,41.6,40.7
"Mean Hours Worked",2023,"Mid Ulster","Part Time",19.2,16.8,18.4
"Mean Hours Worked",2023,"Newry, Mourne and Down","All Jobs",29,35.2,31.9
"Mean Hours Worked",2023,"Newry, Mourne and Down","Full Time",37.7,39.8,38.9
"Mean Hours Worked",2023,"Newry, Mourne and Down","Part Time",19.3,15.7,18.4
"Mean Hours Worked",2023,"Northern Ireland","All Jobs",29.8,36.1,32.9
"Mean Hours Worked",2023,"Northern Ireland","Full Time",37.7,40,39
"Mean Hours Worked",2023,"Northern Ireland","Part Time",18.8,17.1,18.3
"Mean Hours Worked",2024,"Antrim and Newtownabbey","All Jobs",29.8,37.2,33.2
"Mean Hours Worked",2024,"Antrim and Newtownabbey","Full Time",37.8,39.9,39
"Mean Hours Worked",2024,"Antrim and Newtownabbey","Part Time",18.2,20.8,18.8
"Mean Hours Worked",2024,"Ards and North Down","All Jobs",26.5,33,29.2
"Mean Hours Worked",2024,"Ards and North Down","Full Time",37.4,38.6,38
"Mean Hours Worked",2024,"Ards and North Down","Part Time",17,17.3,17.1
"Mean Hours Worked",2024,"Armagh City, Banbridge and Craigavon","All Jobs",29.5,36.3,32.6
"Mean Hours Worked",2024,"Armagh City, Banbridge and Craigavon","Full Time",37.1,40.9,39.2
"Mean Hours Worked",2024,"Armagh City, Banbridge and Craigavon","Part Time",20,16.3,19
"Mean Hours Worked",2024,"Belfast","All Jobs",31.5,35.8,33.6
"Mean Hours Worked",2024,"Belfast","Full Time",37.4,38.8,38.2
"Mean Hours Worked",2024,"Belfast","Part Time",18.6,17.8,18.3
"Mean Hours Worked",2024,"Causeway Coast and Glens","All Jobs",27.9,35.8,31.6
"Mean Hours Worked",2024,"Causeway Coast and Glens","Full Time",36.6,40.5,38.8
"Mean Hours Worked",2024,"Causeway Coast and Glens","Part Time",18.3,17.7,18.2
"Mean Hours Worked",2024,"Derry City and Strabane","All Jobs",28.4,34.7,31.3
"Mean Hours Worked",2024,"Derry City and Strabane","Full Time",36.9,40.2,38.7
"Mean Hours Worked",2024,"Derry City and Strabane","Part Time",18.1,16.4,17.6
"Mean Hours Worked",2024,"Fermanagh and Omagh","All Jobs",27.8,35,31.3
"Mean Hours Worked",2024,"Fermanagh and Omagh","Full Time",37.9,39.7,39
"Mean Hours Worked",2024,"Fermanagh and Omagh","Part Time",18.2,16.3,17.7
"Mean Hours Worked",2024,"Lisburn and Castlereagh","All Jobs",29.1,35.6,32
"Mean Hours Worked",2024,"Lisburn and Castlereagh","Full Time",37.8,40.8,39.4
"Mean Hours Worked",2024,"Lisburn and Castlereagh","Part Time",17.4,17.2,17.3
"Mean Hours Worked",2024,"Mid and East Antrim","All Jobs",28.7,36.4,32.7
"Mean Hours Worked",2024,"Mid and East Antrim","Full Time",37.7,40.6,39.5
"Mean Hours Worked",2024,"Mid and East Antrim","Part Time",18.4,14.3,17.3
"Mean Hours Worked",2024,"Mid Ulster","All Jobs",29.9,38.4,34.9
"Mean Hours Worked",2024,"Mid Ulster","Full Time",38.3,41.6,40.6
"Mean Hours Worked",2024,"Mid Ulster","Part Time",18.4,17.8,18.2
"Mean Hours Worked",2024,"Newry, Mourne and Down","All Jobs",29.2,34.9,31.8
"Mean Hours Worked",2024,"Newry, Mourne and Down","Full Time",38.3,40.3,39.4
"Mean Hours Worked",2024,"Newry, Mourne and Down","Part Time",18.2,16.9,17.9
"Mean Hours Worked",2024,"Northern Ireland","All Jobs",29.7,36,32.8
"Mean Hours Worked",2024,"Northern Ireland","Full Time",37.5,40,38.9
"Mean Hours Worked",2024,"Northern Ireland","Part Time",18.4,17.2,18
"Mean Hours Worked",2025,"Antrim and Newtownabbey","All Jobs",30.1,37.4,33.6
"Mean Hours Worked",2025,"Antrim and Newtownabbey","Full Time",37.6,40.7,39.4
"Mean Hours Worked",2025,"Antrim and Newtownabbey","Part Time",19,16.7,18.4
"Mean Hours Worked",2025,"Ards and North Down","All Jobs",27.6,32.5,29.7
"Mean Hours Worked",2025,"Ards and North Down","Full Time",37.7,38.7,38.2
"Mean Hours Worked",2025,"Ards and North Down","Part Time",17.7,17.8,17.7
"Mean Hours Worked",2025,"Armagh City, Banbridge and Craigavon","All Jobs",30.6,36.4,33.2
"Mean Hours Worked",2025,"Armagh City, Banbridge and Craigavon","Full Time",38.5,40.2,39.4
"Mean Hours Worked",2025,"Armagh City, Banbridge and Craigavon","Part Time",19.6,17.7,19.1
"Mean Hours Worked",2025,"Belfast","All Jobs",30.9,35.7,33.2
"Mean Hours Worked",2025,"Belfast","Full Time",37.5,38.8,38.2
"Mean Hours Worked",2025,"Belfast","Part Time",18.1,16.7,17.7
"Mean Hours Worked",2025,"Causeway Coast and Glens","All Jobs",27.8,34.8,31
"Mean Hours Worked",2025,"Causeway Coast and Glens","Full Time",36.8,40,38.5
"Mean Hours Worked",2025,"Causeway Coast and Glens","Part Time",18.9,19.7,19.1
"Mean Hours Worked",2025,"Derry City and Strabane","All Jobs",29,35.6,32
"Mean Hours Worked",2025,"Derry City and Strabane","Full Time",36.3,39.4,38
"Mean Hours Worked",2025,"Derry City and Strabane","Part Time",19.1,16.9,18.6
"Mean Hours Worked",2025,"Fermanagh and Omagh","All Jobs",28,36.6,32.2
"Mean Hours Worked",2025,"Fermanagh and Omagh","Full Time",36.6,40.5,38.9
"Mean Hours Worked",2025,"Fermanagh and Omagh","Part Time",18.7,17,18.3
"Mean Hours Worked",2025,"Lisburn and Castlereagh","All Jobs",29.7,35.9,32.6
"Mean Hours Worked",2025,"Lisburn and Castlereagh","Full Time",38.5,40.3,39.5
"Mean Hours Worked",2025,"Lisburn and Castlereagh","Part Time",18.3,15.6,17.6
"Mean Hours Worked",2025,"Mid and East Antrim","All Jobs",29.6,37.7,33.6
"Mean Hours Worked",2025,"Mid and East Antrim","Full Time",38.1,40.8,39.7
"Mean Hours Worked",2025,"Mid and East Antrim","Part Time",18.6,18.7,18.6
"Mean Hours Worked",2025,"Mid Ulster","All Jobs",29.2,38.1,34
"Mean Hours Worked",2025,"Mid Ulster","Full Time",37.9,41.5,40.2
"Mean Hours Worked",2025,"Mid Ulster","Part Time",18.5,16,17.8
"Mean Hours Worked",2025,"Newry, Mourne and Down","All Jobs",28.1,35.3,31
"Mean Hours Worked",2025,"Newry, Mourne and Down","Full Time",38.4,39.9,39.2
"Mean Hours Worked",2025,"Newry, Mourne and Down","Part Time",18.6,19.9,18.9
"Mean Hours Worked",2025,"Northern Ireland","All Jobs",29.7,36.2,32.8
"Mean Hours Worked",2025,"Northern Ireland","Full Time",37.7,39.9,38.9
"Mean Hours Worked",2025,"Northern Ireland","Part Time",18.6,17.4,18.3
